place_name,Accessibility ramp__mentions,Accessibility ramp__score,Accommodation__mentions,Accommodation__score,Bike rental__mentions,Bike rental__score,Boardwalk__mentions,Boardwalk__score,Boat rental__mentions,Boat rental__score,Boat service__mentions,Boat service__score,Bridge__mentions,Bridge__score,Brochure__mentions,Brochure__score,Cafe__mentions,Cafe__score,Camping facility__mentions,Camping facility__score,Changing room__mentions,Changing room__score,Clothing cover service__mentions,Clothing cover service__score,Diving equipment rental__mentions,Diving equipment rental__score,Donation box__mentions,Donation box__score,Drinking water__mentions,Drinking water__score,Entrance fee__mentions,Entrance fee__score,First aid__mentions,First aid__score,Food stall__mentions,Food stall__score,General facilities__mentions,General facilities__score,Guide service__mentions,Guide service__score,Handrail__mentions,Handrail__score,Information board__mentions,Information board__score,Jeep service__mentions,Jeep service__score,Life jacket__mentions,Life jacket__score,Lifeguard service__mentions,Lifeguard service__score,Lighting__mentions,Lighting__score,Locker__mentions,Locker__score,Market stalls__mentions,Market stalls__score,Multilingual information__mentions,Multilingual information__score,Parking__mentions,Parking__score,Pathway__mentions,Pathway__score,Public transport access__mentions,Public transport access__score,Rest area__mentions,Rest area__score,Restaurant__mentions,Restaurant__score,Road access__mentions,Road access__score,Safety barrier__mentions,Safety barrier__score,Scooter rental__mentions,Scooter rental__score,Seating__mentions,Seating__score,Security__mentions,Security__score,Shade or shelter__mentions,Shade or shelter__score,Shoe storage__mentions,Shoe storage__score,Shop__mentions,Shop__score,Shower__mentions,Shower__score,Signage__mentions,Signage__score,Snorkelling equipment rental__mentions,Snorkelling equipment rental__score,Souvenir shop__mentions,Souvenir shop__score,Steps or stairs__mentions,Steps or stairs__score,Surfboard rental__mentions,Surfboard rental__score,Taxi service__mentions,Taxi service__score,Ticket counter__mentions,Ticket counter__score,Ticket or receipt__mentions,Ticket or receipt__score,Toilet__mentions,Toilet__score,Towel service__mentions,Towel service__score,Train service__mentions,Train service__score,Tuk tuk service__mentions,Tuk tuk service__score,View platform__mentions,View platform__score,Visitor centre__mentions,Visitor centre__score,Waste bins__mentions,Waste bins__score
Aberdeen Falls,0,,8,0.25,0,,0,,0,,0,,3,-0.333,1,1.0,1,0.0,0,,0,,0,,0,,0,,1,1.0,0,,0,,1,0.0,0,,1,0.0,0,,0,,0,,0,,0,,0,,0,,0,,0,,5,0.4,0,,0,,0,,0,,4,0.0,0,,0,,1,0.0,0,,0,,0,,1,0.0,1,0.0,2,0.0,0,,0,,8,-0.125,0,,0,,0,,0,,1,1.0,0,,0,,2,0.0,3,0.0,0,,0,
Abhayagiri Dagaba,0,,4,0.0,0,,0,,0,,0,,0,,3,0.667,0,,0,,0,,2,0.5,0,,2,0.0,1,0.0,10,0.4,0,,0,,0,,1,1.0,0,,0,,0,,0,,0,,0,,0,,0,,0,,3,0.667,1,-1.0,0,,0,,2,1.0,0,,0,,0,,1,1.0,5,0.2,3,0.333,3,-0.667,1,0.0,0,,3,0.0,0,,0,,3,0.0,0,,0,,0,,10,0.2,1,0.0,0,,0,,7,0.286,0,,1,1.0,0,
Ambewela Farms,3,-0.333,6,-0.5,0,,0,,0,,0,,0,,1,-1.0,23,0.13,0,,0,,0,,0,,0,,0,,32,0.0,0,,10,0.4,10,0.7,5,-0.2,0,,0,,0,,0,,0,,0,,0,,0,,0,,2,0.5,0,,3,0.333,0,,29,0.0,9,0.333,2,-0.5,0,,0,,0,,3,0.333,0,,22,0.136,1,0.0,1,0.0,0,,0,,0,,0,,2,0.0,1,1.0,22,0.091,12,0.333,0,,3,0.333,1,1.0,0,,0,,1,0.0
Ambuluwawa Tower,0,,0,,0,,0,,0,,0,,0,,0,,4,0.25,0,,0,,0,,0,,0,,0,,12,0.167,0,,0,,0,,0,,3,-0.333,0,,0,,0,,0,,0,,0,,0,,0,,3,0.0,1,0.0,2,0.0,0,,1,1.0,1,0.0,5,-0.2,0,,0,,0,,0,,0,,1,1.0,0,,1,0.0,0,,2,-0.5,48,-0.125,0,,6,-0.167,1,0.0,6,0.667,4,0.0,0,,0,,29,0.138,4,0.25,0,,0,
Ancient City of Polonnaruwa,2,0.5,17,0.118,22,0.091,0,,0,,1,0.0,0,,35,0.257,4,0.0,0,,0,,6,0.333,0,,1,0.0,2,0.0,111,0.063,0,,7,0.143,2,0.5,68,0.279,0,,8,-0.25,0,,0,,1,1.0,1,-1.0,1,-1.0,0,,9,0.222,18,-0.111,0,,1,0.0,0,,7,0.286,2,0.5,4,0.0,1,0.0,1,1.0,12,-0.083,12,0.167,20,-0.1,4,0.0,0,,30,0.3,0,,6,0.5,4,0.0,0,,4,0.0,26,0.038,110,0.009,8,0.625,0,,0,,87,0.161,0,,1,0.0,0,
Angurukaramulla Temple,0,,8,0.625,0,,0,,0,,0,,0,,8,0.0,0,,0,,0,,5,0.0,0,,60,-0.033,0,,35,-0.2,0,,0,,1,0.0,26,0.154,0,,0,,0,,0,,0,,0,,0,,0,,4,0.0,2,0.5,0,,0,,0,,0,,2,0.0,0,,1,0.0,0,,1,-1.0,1,0.0,5,0.0,1,0.0,0,,5,-0.2,0,,0,,0,,0,,2,0.0,1,-1.0,3,-0.667,0,,0,,0,,30,0.033,0,,0,,0,
Arugam Bay,0,,161,0.168,2,0.5,0,,0,,1,0.0,6,0.5,3,0.0,12,0.333,0,,0,,1,0.0,0,,0,,0,,31,0.129,0,,7,0.143,2,0.0,6,0.167,0,,0,,2,0.5,0,,3,0.333,1,0.0,0,,0,,0,,4,0.0,0,,2,1.0,0,,117,0.214,4,0.25,1,0.0,3,0.333,3,-0.333,6,0.167,3,-0.333,0,,38,0.263,4,0.75,2,-1.0,0,,0,,7,0.0,1,0.0,26,0.231,0,,3,0.667,9,0.556,2,0.0,1,-1.0,53,0.358,1,0.0,0,,0,
Bahiravokanda Vihara Buddha Statue,1,-1.0,9,-0.111,0,,0,,0,,0,,0,,3,-0.667,2,0.0,0,,0,,3,0.0,0,,70,-0.014,0,,131,0.015,0,,3,-0.333,0,,4,0.25,0,,0,,0,,0,,0,,2,0.5,0,,0,,2,0.0,1,0.0,0,,0,,0,,1,1.0,11,-0.364,0,,0,,1,0.0,5,0.2,1,-1.0,25,0.04,11,0.182,0,,6,-0.833,0,,12,0.083,118,0.042,0,,12,0.083,1,0.0,20,-0.05,9,0.0,0,,1,0.0,117,0.179,6,0.0,1,0.0,0,
Baker's Falls,0,,3,0.0,0,,0,,0,,0,,0,,0,,2,0.0,0,,0,,0,,0,,0,,0,,2,0.5,0,,1,0.0,0,,0,,0,,0,,0,,0,,0,,1,0.0,0,,0,,0,,2,0.5,3,0.0,0,,0,,0,,0,,1,0.0,0,,2,0.0,0,,2,-0.5,0,,0,,1,1.0,2,0.5,0,,0,,16,-0.188,0,,0,,0,,1,0.0,1,1.0,0,,0,,1,0.0,8,0.375,0,,0,
Bambarakanda Falls,0,,8,0.375,0,,0,,0,,0,,4,0.0,3,0.0,1,0.0,0,,0,,1,0.0,0,,0,,0,,19,0.053,0,,1,0.0,0,,0,,0,,0,,0,,0,,0,,0,,0,,0,,0,,9,0.333,8,0.125,0,,0,,0,,19,-0.105,0,,0,,4,0.25,1,0.0,2,0.5,0,,1,0.0,6,0.167,2,0.0,0,,0,,13,0.077,0,,0,,8,0.25,23,0.13,9,0.444,0,,3,0.333,9,0.222,1,0.0,0,,0,
Batticaloa Fort,21,0.238,3,0.333,0,,0,,0,,6,0.5,8,0.25,0,,1,1.0,0,,0,,0,,0,,0,,0,,2,0.5,0,,0,,1,0.0,20,0.15,0,,0,,0,,0,,0,,0,,0,,0,,1,0.0,0,,0,,0,,0,,2,-0.5,0,,0,,0,,0,,8,-0.125,0,,0,,0,,0,,3,-0.333,0,,0,,9,0.0,0,,0,,0,,0,,0,,0,,0,,2,0.0,0,,1,1.0,0,
Beddegana Wetland Park,0,,0,,0,,0,,0,,0,,2,0.5,1,1.0,0,,0,,0,,0,,0,,0,,0,,5,0.0,0,,0,,1,1.0,0,,0,,2,0.5,0,,0,,0,,0,,0,,0,,0,,3,0.0,9,0.333,0,,0,,0,,0,,0,,0,,1,1.0,6,0.333,1,0.0,0,,0,,0,,1,1.0,0,,0,,0,,0,,0,,0,,5,-0.2,1,0.0,0,,0,,0,,2,0.0,1,0.0,0,
Bentota Beach,0,,242,0.194,0,,0,,1,-1.0,14,0.357,1,0.0,1,0.0,18,0.222,0,,0,,4,0.0,0,,0,,0,,27,0.0,1,1.0,12,0.083,11,-0.091,3,0.333,0,,0,,0,,0,,14,-0.214,0,,1,-1.0,0,,0,,0,,0,,1,0.0,0,,69,0.145,2,-0.5,0,,0,,3,0.333,20,-0.25,12,-0.167,0,,4,-0.75,3,0.667,5,-0.4,0,,1,0.0,1,0.0,1,0.0,5,-0.2,0,,0,,5,-0.4,2,0.0,6,0.0,16,0.188,0,,0,,0,
Bogoda Wooden Bridge,0,,5,-0.2,0,,0,,0,,0,,105,-0.114,0,,0,,0,,0,,0,,0,,1,0.0,0,,1,0.0,0,,1,-1.0,0,,4,0.0,1,0.0,0,,0,,0,,0,,0,,0,,0,,0,,3,0.0,1,0.0,1,0.0,0,,0,,17,-0.353,2,-0.5,0,,0,,1,0.0,2,0.0,0,,1,-1.0,0,,3,-0.667,0,,0,,7,0.143,0,,1,0.0,0,,0,,0,,0,,0,,4,-0.25,0,,0,,0,
Bopath Ella (Bopath Falls),0,,6,0.333,0,,0,,0,,1,0.0,0,,1,0.0,0,,0,,0,,0,,0,,0,,0,,4,0.25,0,,1,0.0,1,-1.0,0,,0,,0,,0,,0,,0,,0,,0,,0,,0,,4,0.0,0,,1,0.0,0,,3,0.667,0,,0,,0,,0,,0,,0,,0,,0,,0,,0,,0,,0,,0,,0,,0,,0,,5,-0.2,1,-1.0,0,,0,,2,0.0,0,,0,,0,
Brief Garden - Bevis Bawa,1,0.0,30,0.133,0,,0,,0,,0,,0,,10,-0.2,5,-0.6,0,,0,,0,,0,,2,0.5,0,,106,0.17,0,,5,-0.4,0,,60,0.417,0,,1,0.0,0,,0,,0,,0,,0,,0,,1,-1.0,2,-0.5,7,0.143,2,-0.5,0,,3,-0.667,15,-0.067,1,-1.0,0,,8,0.375,3,-0.333,6,0.167,0,,2,0.0,4,0.25,19,-0.632,0,,3,-0.667,12,0.083,0,,3,0.333,0,,19,-0.211,3,0.0,1,0.0,0,,64,0.141,1,-1.0,0,,0,
Buduruwagala Temple,0,,4,0.25,0,,0,,0,,1,0.0,0,,1,0.0,5,0.2,0,,0,,1,1.0,0,,2,0.5,0,,15,0.133,0,,1,0.0,0,,2,-0.5,0,,0,,0,,0,,0,,0,,0,,0,,2,0.0,5,0.0,1,0.0,1,-1.0,0,,1,-1.0,12,0.0,0,,0,,2,0.0,1,-1.0,1,1.0,4,0.25,0,,0,,2,0.0,0,,0,,5,0.2,0,,0,,1,0.0,11,-0.364,2,-1.0,0,,0,,5,0.6,0,,0,,0,
Casuarina Beach,0,,6,0.167,0,,0,,1,0.0,13,0.308,2,0.0,3,0.0,2,0.0,0,,27,0.185,0,,0,,0,,1,0.0,35,0.057,0,,16,0.062,5,0.4,0,,0,,0,,0,,1,1.0,12,0.417,1,0.0,0,,0,,0,,8,0.625,0,,7,0.571,0,,13,0.0,4,0.5,0,,0,,4,-0.25,14,0.429,7,0.0,0,,19,-0.053,19,-0.053,4,0.0,0,,0,,0,,0,,1,0.0,0,,3,0.333,28,0.036,0,,0,,11,0.182,0,,0,,0,
Ceylon Tea Museum,0,,8,-0.125,0,,0,,0,,0,,0,,10,0.3,46,0.391,0,,0,,0,,0,,1,0.0,0,,75,0.28,0,,1,-1.0,6,1.0,107,0.523,0,,3,0.333,0,,0,,0,,0,,0,,0,,5,0.4,1,-1.0,1,1.0,3,-0.333,0,,13,0.308,4,0.0,1,0.0,0,,0,,1,0.0,0,,0,,66,0.303,0,,5,-0.4,0,,17,0.235,19,0.263,0,,3,0.667,0,,23,0.478,5,0.0,0,,2,0.0,55,0.164,0,,0,,0,
Coconut Tree Hill,0,,2,0.5,0,,0,,0,,0,,1,0.0,1,-1.0,4,0.75,0,,0,,0,,0,,0,,0,,3,0.333,0,,0,,1,-1.0,2,0.0,0,,0,,0,,0,,0,,0,,0,,0,,0,,4,0.0,2,0.5,0,,0,,2,-0.5,0,,3,0.0,0,,1,0.0,2,0.0,1,0.0,0,,1,1.0,0,,1,-1.0,0,,0,,3,0.0,0,,1,0.0,0,,2,0.0,0,,0,,0,,1,0.0,0,,0,,0,
Colombo Lotus Tower,0,,2,0.5,0,,1,0.0,0,,0,,0,,1,1.0,1,0.0,0,,0,,0,,0,,0,,0,,21,0.048,0,,1,1.0,2,0.5,3,0.333,0,,0,,0,,0,,0,,1,0.0,0,,0,,0,,0,,0,,0,,0,,26,0.115,0,,0,,0,,0,,2,0.5,0,,0,,2,0.0,0,,3,-0.667,0,,1,1.0,0,,0,,0,,1,-1.0,21,-0.286,2,0.0,0,,1,0.0,1,0.0,28,-0.036,0,,0,
Colombo National Museum,2,0.5,10,0.3,0,,0,,0,,0,,0,,10,0.2,47,0.298,0,,0,,0,,0,,0,,0,,60,0.083,0,,6,0.333,4,-0.5,9,0.444,0,,0,,0,,0,,0,,11,-0.091,0,,0,,19,0.421,10,0.7,0,,0,,0,,1,0.0,0,,0,,0,,6,-0.167,7,0.286,0,,0,,23,0.435,0,,22,0.136,0,,20,0.35,16,0.125,0,,5,0.0,3,-0.333,44,0.0,28,-0.071,1,0.0,0,,7,0.429,0,,0,,0,
Dagoba of Thuparama,1,0.0,0,,0,,0,,0,,0,,0,,2,0.5,0,,0,,0,,0,,0,,2,0.0,0,,12,-0.167,0,,1,1.0,0,,0,,0,,0,,0,,0,,0,,0,,0,,0,,0,,2,0.5,1,-1.0,0,,0,,0,,0,,0,,0,,0,,2,0.0,3,0.0,6,-0.5,1,0.0,0,,0,,0,,0,,3,0.0,0,,0,,0,,4,-0.25,0,,0,,0,,2,0.0,0,,0,,0,
Dambulla Cave Temple,4,0.25,6,0.333,0,,0,,0,,0,,0,,6,0.167,2,0.5,0,,0,,32,-0.094,0,,16,0.0,0,,113,0.115,0,,5,0.6,3,0.0,39,0.154,4,0.75,0,,0,,0,,0,,8,0.25,0,,0,,2,0.5,29,0.207,6,-0.167,0,,0,,1,0.0,1,0.0,1,1.0,0,,1,0.0,7,-0.143,7,0.0,48,0.125,14,-0.286,1,1.0,8,-0.375,0,,1,0.0,256,0.055,0,,3,0.667,32,-0.031,89,-0.09,7,0.143,0,,0,,14,0.357,0,,0,,0,
Dehiwala Zoo - Sri Lanka,3,0.333,0,,0,,0,,0,,0,,0,,1,1.0,1,1.0,0,,0,,0,,0,,0,,0,,9,-0.111,0,,9,0.556,2,-1.0,2,0.0,0,,1,0.0,0,,0,,0,,0,,0,,0,,0,,1,1.0,1,1.0,0,,1,1.0,3,0.333,0,,0,,0,,1,0.0,0,,2,0.5,0,,1,0.0,0,,2,-0.5,0,,0,,0,,0,,2,-0.5,1,0.0,5,0.2,0,,0,,0,,1,-1.0,0,,0,,0,
Demodara Loop,0,,9,0.222,0,,0,,0,,0,,54,0.0,3,0.0,0,,0,,0,,0,,0,,0,,0,,16,0.188,0,,1,0.0,0,,0,,0,,0,,0,,0,,0,,0,,0,,0,,0,,6,0.167,0,,11,0.273,0,,1,1.0,2,0.0,0,,0,,5,0.4,2,0.0,0,,0,,0,,0,,0,,0,,0,,2,-0.5,0,,2,0.0,0,,7,0.0,1,1.0,0,,67,0.134,19,0.053,1,0.0,0,,0,
Devon Falls,0,,4,-0.25,0,,0,,0,,0,,0,,2,-0.5,3,0.0,0,,0,,0,,0,,0,,0,,1,-1.0,0,,1,1.0,2,0.5,0,,0,,0,,0,,0,,0,,0,,0,,0,,0,,9,0.0,0,,2,0.0,0,,13,0.692,4,-0.25,0,,1,0.0,0,,0,,0,,0,,3,0.0,1,1.0,0,,0,,0,,4,0.0,0,,2,0.0,0,,1,0.0,1,1.0,0,,0,,2,0.0,7,0.143,0,,0,
Diyaluma Falls,0,,10,-0.1,0,,0,,0,,0,,8,0.375,2,0.0,0,,0,,0,,0,,0,,0,,0,,13,0.077,2,0.0,8,0.0,0,,10,0.5,0,,0,,0,,0,,0,,0,,0,,0,,0,,11,0.091,2,0.0,4,0.0,0,,3,0.333,4,-0.25,0,,1,0.0,1,-1.0,1,0.0,0,,0,,10,0.3,0,,4,0.0,0,,0,,11,0.455,0,,1,0.0,0,,0,,3,0.0,0,,0,,37,0.216,3,0.333,0,,0,
Diyatha Uyana,0,,10,0.4,0,,5,0.4,0,,6,0.5,1,0.0,0,,1,0.0,0,,0,,0,,0,,0,,2,0.0,5,0.2,0,,23,0.261,3,1.0,0,,0,,0,,0,,0,,0,,0,,0,,0,,0,,27,0.222,27,0.333,5,-0.4,1,0.0,29,0.448,0,,0,,0,,14,0.5,5,0.6,9,0.222,0,,15,0.533,0,,3,-0.333,0,,3,0.0,1,0.0,0,,0,,0,,0,,3,1.0,0,,1,0.0,2,-0.5,0,,0,,1,0.0
Dondra Head Lighthouse,0,,3,0.0,0,,0,,0,,0,,0,,2,0.0,1,-1.0,0,,0,,0,,0,,2,0.0,0,,15,0.067,0,,2,0.5,0,,3,0.333,0,,0,,0,,0,,0,,0,,0,,0,,0,,3,0.333,1,1.0,4,0.0,0,,1,-1.0,0,,1,-1.0,0,,3,0.333,5,0.2,1,0.0,0,,2,0.5,0,,3,-0.667,0,,0,,17,0.059,0,,1,0.0,0,,4,-0.5,1,1.0,0,,0,,6,-0.333,1,0.0,0,,0,
Dunhinda Falls,0,,5,0.2,0,,0,,0,,0,,2,0.0,0,,0,,0,,0,,0,,0,,0,,0,,8,0.0,0,,7,0.0,0,,0,,0,,0,,0,,0,,0,,0,,0,,0,,0,,0,,7,0.429,2,0.0,0,,0,,5,0.4,1,0.0,0,,3,0.0,1,1.0,1,0.0,0,,15,0.067,0,,0,,0,,3,0.0,19,-0.421,0,,1,-1.0,0,,5,0.2,0,,0,,5,-0.2,4,-0.25,5,0.2,0,,0,
Dutch Hospital Shopping Precinct,11,0.636,41,0.171,0,,0,,0,,0,,0,,1,0.0,128,0.398,0,,0,,2,0.0,0,,0,,0,,8,0.25,0,,16,0.562,5,0.2,3,0.0,0,,0,,0,,0,,0,,1,0.0,0,,1,0.0,0,,8,0.0,1,1.0,0,,0,,641,0.337,0,,1,0.0,0,,26,0.615,0,,7,0.571,0,,338,0.216,0,,3,0.0,0,,85,0.271,33,0.333,0,,3,0.667,0,,1,1.0,30,0.733,0,,2,0.0,34,0.235,0,,0,,0,
Elephant Pass,0,,2,0.0,0,,0,,0,,0,,9,0.222,3,-0.667,3,0.333,0,,0,,0,,0,,0,,0,,0,,0,,0,,1,1.0,1,1.0,0,,0,,0,,0,,0,,0,,0,,0,,0,,1,-1.0,0,,0,,0,,1,0.0,4,0.25,1,0.0,0,,0,,3,0.667,0,,0,,0,,0,,0,,0,,0,,1,0.0,0,,1,0.0,0,,0,,6,0.167,0,,2,0.5,1,0.0,0,,0,,0,
Elephant Transit Home (ETH),0,,8,0.25,0,,0,,0,,0,,0,,1,1.0,1,0.0,0,,0,,0,,0,,51,0.255,0,,52,0.327,0,,3,0.0,23,0.174,8,0.625,0,,1,0.0,3,0.0,0,,0,,0,,0,,0,,3,0.333,2,0.0,0,,0,,0,,1,0.0,0,,3,0.0,0,,21,0.095,2,0.5,12,0.167,0,,7,0.286,0,,8,0.125,0,,5,0.0,4,0.25,0,,1,1.0,3,0.0,25,0.2,3,0.333,0,,0,,0,,40,0.325,38,0.342,0,
Ella Rock,0,,58,0.121,0,,0,,0,,0,,90,-0.056,74,0.041,32,0.188,2,0.5,0,,0,,0,,0,,2,0.5,56,0.179,1,1.0,25,0.4,3,0.0,36,0.222,0,,0,,0,,0,,0,,1,-1.0,0,,0,,1,1.0,3,0.0,12,0.0,35,0.057,1,0.0,6,0.167,6,-0.167,5,0.0,0,,5,0.2,2,0.5,11,0.273,0,,9,-0.222,3,0.333,99,-0.081,0,,0,,15,-0.133,0,,7,0.429,2,-0.5,12,0.083,5,0.6,1,1.0,21,-0.095,13,0.0,1,1.0,0,,0,
Embekka Devalaya,0,,6,0.167,0,,0,,0,,0,,0,,3,0.0,0,,0,,0,,0,,0,,0,,1,1.0,7,0.143,0,,0,,0,,0,,0,,0,,0,,0,,0,,1,-1.0,0,,0,,0,,3,0.667,0,,3,-0.333,0,,0,,1,-1.0,0,,0,,0,,1,0.0,0,,0,,0,,0,,1,0.0,0,,0,,0,,0,,0,,0,,3,0.667,1,1.0,0,,0,,1,-1.0,0,,1,-1.0,0,
Fort Frederick,2,0.5,3,-0.333,0,,0,,0,,0,,1,0.0,0,,7,0.571,0,,0,,3,0.0,0,,0,,3,0.667,6,0.167,0,,6,-0.333,0,,0,,0,,0,,0,,0,,0,,0,,1,0.0,1,0.0,2,1.0,5,0.6,1,0.0,1,-1.0,0,,0,,2,1.0,5,0.2,0,,0,,5,0.2,9,0.444,4,0.5,6,0.0,0,,3,0.333,0,,6,0.0,1,0.0,0,,0,,0,,5,0.2,4,0.0,0,,1,0.0,11,0.182,0,,0,,1,0.0
Gal Oya National Park,0,,7,0.0,0,,0,,0,,15,0.333,0,,0,,0,,6,0.333,0,,0,,0,,0,,1,0.0,2,0.0,0,,2,0.0,1,0.0,1,0.0,0,,0,,15,0.267,1,0.0,1,1.0,0,,0,,0,,0,,0,,0,,0,,0,,0,,0,,0,,0,,0,,2,0.0,4,-0.5,0,,0,,1,0.0,0,,0,,0,,1,1.0,0,,0,,0,,3,0.667,2,0.5,0,,0,,0,,0,,0,,0,
Gal Vihara,0,,2,0.5,1,0.0,0,,0,,0,,0,,4,-0.25,0,,0,,0,,5,0.0,0,,3,0.0,0,,25,0.32,0,,1,0.0,2,0.5,16,0.062,0,,0,,0,,0,,0,,0,,0,,0,,0,,9,0.0,1,0.0,0,,0,,0,,0,,9,-0.111,0,,1,0.0,15,-0.067,12,0.0,24,-0.083,0,,1,1.0,6,-0.167,0,,0,,2,0.5,0,,2,0.0,4,0.25,37,0.054,1,0.0,0,,0,,4,0.0,0,,0,,0,
Galle Dutch Fort,70,0.229,91,0.209,0,,1,0.0,0,,0,,1,0.0,4,0.0,100,0.32,0,,0,,0,,0,,0,,0,,15,0.2,0,,13,0.538,2,0.0,7,0.714,0,,2,1.0,0,,0,,0,,3,-0.667,0,,1,0.0,0,,4,0.75,6,0.167,6,0.5,0,,234,0.342,2,0.0,0,,0,,3,0.667,3,0.333,12,0.083,0,,148,0.25,4,-0.25,5,0.2,0,,20,0.25,3,0.333,0,,11,0.182,0,,2,0.0,2,0.5,0,,2,0.5,62,0.145,0,,0,,0,
Galle Face Green,2,0.5,131,0.191,0,,0,,0,,0,,3,0.667,0,,4,0.5,0,,0,,0,,0,,0,,0,,17,0.235,0,,197,0.234,3,0.667,2,0.5,0,,0,,0,,0,,1,0.0,0,,0,,0,,0,,13,0.154,6,0.333,4,0.5,0,,37,0.27,0,,0,,0,,14,0.071,7,0.0,12,-0.417,0,,17,0.353,0,,0,,0,,1,0.0,2,0.0,0,,0,,0,,1,0.0,4,0.5,0,,1,0.0,17,0.118,3,0.0,0,,3,0.0
Galle Face Hotel,0,,16,0.375,0,,0,,0,,0,,0,,0,,0,,0,,0,,0,,0,,0,,0,,0,,0,,0,,0,,0,,0,,0,,0,,0,,0,,0,,0,,0,,0,,0,,0,,0,,0,,4,1.0,0,,0,,0,,0,,0,,0,,0,,1,1.0,0,,0,,0,,0,,0,,0,,0,,0,,0,,0,,0,,0,,0,,0,,0,,0,
Galle Fort Lighthouse,41,0.293,16,0.062,0,,0,,0,,1,0.0,0,,1,-1.0,6,0.0,0,,0,,0,,0,,0,,0,,5,0.0,0,,5,0.2,1,0.0,1,0.0,0,,0,,0,,0,,0,,5,0.0,0,,0,,0,,2,0.0,6,0.333,3,0.0,0,,37,0.351,0,,0,,0,,1,1.0,3,0.667,6,0.167,0,,25,0.24,0,,1,1.0,0,,4,0.5,7,0.143,0,,3,0.333,0,,0,,1,0.0,0,,0,,7,-0.286,0,,0,,0,
Galway's Land National Park,0,,6,0.0,0,,0,,0,,0,,0,,5,-0.2,0,,0,,0,,0,,0,,0,,1,0.0,28,-0.036,0,,0,,3,-1.0,0,,0,,1,1.0,0,,0,,0,,0,,0,,0,,2,0.0,4,-0.25,7,0.143,0,,1,0.0,0,,2,0.5,0,,0,,2,0.0,0,,0,,0,,0,,0,,5,0.0,0,,0,,4,-0.25,0,,0,,1,0.0,14,0.143,1,-1.0,0,,0,,2,-0.5,0,,1,0.0,0,
Gangaramaya Temple,0,,15,0.333,0,,0,,0,,0,,1,0.0,1,0.0,0,,0,,0,,4,0.25,0,,39,0.205,0,,88,0.205,0,,1,1.0,3,0.333,17,0.0,0,,0,,0,,0,,0,,3,0.333,0,,0,,5,-0.2,10,0.4,1,0.0,0,,0,,2,-0.5,1,1.0,0,,0,,1,1.0,11,0.091,2,0.0,4,0.25,7,0.286,1,0.0,5,0.0,0,,0,,3,0.333,0,,13,0.077,1,0.0,38,0.211,2,0.5,0,,0,,22,0.227,0,,0,,0,
Gartmore Falls,0,,0,,0,,0,,0,,0,,0,,0,,0,,0,,0,,0,,0,,0,,0,,0,,0,,0,,0,,1,0.0,0,,0,,0,,0,,0,,0,,0,,0,,0,,0,,0,,0,,0,,0,,0,,1,0.0,0,,0,,1,0.0,0,,0,,0,,0,,0,,0,,0,,0,,0,,0,,0,,0,,0,,0,,0,,0,,0,,0,,0,
Goyambokka Beach,0,,59,0.271,0,,0,,0,,0,,0,,0,,21,0.333,0,,0,,0,,0,,0,,1,1.0,22,-0.045,0,,7,0.286,3,0.0,2,0.5,0,,0,,0,,1,0.0,1,1.0,0,,0,,0,,0,,0,,1,0.0,0,,0,,135,0.281,1,1.0,2,-0.5,0,,3,1.0,1,1.0,15,0.333,0,,2,-0.5,1,-1.0,1,-1.0,0,,0,,1,1.0,0,,16,0.375,0,,0,,11,-0.727,0,,0,,16,0.25,0,,0,,0,
Gregory Lake,1,0.0,15,0.267,1,-1.0,1,1.0,4,0.0,181,0.215,4,0.25,0,,11,0.182,0,,1,-1.0,0,,0,,0,,0,,117,0.12,0,,34,0.235,9,0.333,1,0.0,0,,1,0.0,0,,5,0.4,1,1.0,0,,0,,0,,1,0.0,26,0.038,23,0.435,1,1.0,1,0.0,32,0.344,0,,3,0.0,0,,7,0.429,5,0.4,5,0.6,0,,16,0.25,0,,2,-0.5,0,,0,,1,0.0,0,,2,1.0,2,-1.0,38,-0.053,7,0.286,0,,1,0.0,1,-1.0,0,,0,,0,
Hakgala Botanic Gardens,1,0.0,5,0.6,0,,0,,0,,0,,5,0.0,17,0.118,9,0.111,0,,0,,1,0.0,0,,0,,0,,102,-0.02,0,,7,0.286,8,0.0,5,0.8,0,,0,,0,,0,,0,,0,,0,,0,,0,,15,-0.067,16,0.312,2,1.0,0,,2,0.0,0,,0,,0,,3,0.333,2,0.5,4,0.75,0,,7,-0.143,0,,12,0.25,0,,0,,4,-0.25,0,,6,0.167,4,-0.75,47,0.0,12,-0.167,0,,0,,4,-0.25,0,,0,,3,-0.333
Handunugoda Tea Estate,1,-1.0,21,0.333,0,,0,,0,,0,,0,,4,0.25,12,0.25,0,,0,,0,,0,,26,-0.038,0,,32,0.062,0,,2,-1.0,7,0.143,136,0.441,0,,0,,0,,0,,0,,0,,0,,0,,2,0.5,1,0.0,0,,0,,0,,1,-1.0,2,0.0,2,0.5,0,,1,1.0,0,,2,0.5,0,,97,0.041,0,,3,0.0,0,,21,0.095,1,1.0,0,,4,-0.25,0,,4,0.0,4,0.75,0,,1,1.0,54,0.352,0,,0,,0,
Henerathgoda Botanical Garden,0,,0,,0,,0,,0,,5,0.4,0,,1,0.0,1,-1.0,0,,0,,0,,0,,0,,0,,3,0.0,0,,1,1.0,1,1.0,1,1.0,0,,0,,0,,0,,0,,0,,0,,0,,0,,6,0.333,0,,0,,0,,1,0.0,0,,0,,0,,0,,5,-0.2,0,,0,,0,,0,,0,,0,,0,,0,,0,,0,,0,,2,0.0,0,,0,,1,0.0,0,,0,,0,,0,
Hikkaduwa Beach,1,0.0,138,0.159,0,,0,,0,,20,0.05,1,0.0,2,0.0,20,0.25,0,,1,1.0,1,1.0,0,,1,0.0,0,,17,0.235,0,,3,0.0,2,0.0,3,0.333,0,,0,,0,,3,0.333,14,-0.071,0,,0,,0,,1,0.0,2,0.5,1,0.0,5,0.4,0,,173,0.382,3,0.0,2,0.5,0,,0,,20,-0.2,16,0.375,0,,27,0.333,7,-0.571,11,0.0,7,0.571,4,0.0,4,0.0,0,,3,0.333,0,,2,-0.5,4,-0.25,4,-0.25,4,0.75,14,0.214,0,,0,,1,-1.0
Hiriketiya Beach,1,0.0,25,0.2,0,,0,,0,,0,,0,,2,-0.5,9,0.222,0,,0,,0,,0,,0,,0,,6,0.333,0,,0,,2,0.5,0,,0,,0,,0,,0,,1,0.0,0,,0,,0,,0,,2,-0.5,0,,0,,0,,48,0.354,2,0.0,0,,0,,3,0.333,2,0.0,11,0.364,0,,5,-0.2,0,,0,,0,,0,,0,,4,0.0,0,,0,,0,,0,,6,-0.167,0,,3,0.0,0,,0,,0,
Horton Plains National Park,0,,44,0.273,0,,0,,0,,0,,0,,5,0.0,13,-0.385,3,0.667,0,,0,,0,,0,,6,0.333,134,-0.022,0,,22,0.273,4,0.5,19,0.579,0,,0,,0,,0,,0,,0,,0,,0,,0,,19,0.053,8,-0.5,4,0.25,1,0.0,1,0.0,15,0.0,5,-0.2,0,,2,1.0,5,-0.4,6,0.0,0,,3,0.0,2,0.0,14,-0.071,0,,0,,36,0.222,0,,9,-0.111,13,-0.154,99,-0.03,52,0.077,0,,2,0.5,26,0.077,5,0.4,7,0.429,1,0.0
Hummanaya Blow Hole,1,-1.0,26,0.077,0,,0,,0,,1,0.0,0,,1,1.0,0,,0,,0,,0,,0,,0,,4,-0.25,56,0.054,0,,9,0.222,0,,1,1.0,0,,0,,0,,0,,0,,0,,0,,0,,0,,20,0.15,3,0.333,1,0.0,0,,2,0.5,0,,10,0.5,0,,0,,1,0.0,2,-0.5,0,,9,0.111,0,,5,0.8,0,,0,,26,0.115,0,,1,0.0,6,-0.5,25,-0.12,5,-0.8,0,,0,,12,-0.167,3,0.333,5,0.0,1,-1.0
Hurulu Eco Park,2,0.0,56,0.161,0,,0,,0,,0,,0,,1,0.0,0,,0,,0,,0,,0,,0,,1,0.0,52,0.115,0,,1,0.0,0,,24,0.417,0,,0,,25,0.2,0,,0,,0,,0,,0,,0,,8,-0.125,1,1.0,0,,1,0.0,1,1.0,3,-0.333,1,-1.0,0,,2,0.5,0,,2,0.0,0,,2,-0.5,1,0.0,2,0.0,0,,0,,1,-1.0,0,,0,,2,0.0,22,0.0,1,0.0,0,,2,1.0,0,,5,-0.2,0,,0,
Independence Memorial Hall,0,,4,0.25,0,,0,,0,,0,,0,,3,0.333,3,0.667,0,,0,,0,,0,,0,,1,1.0,9,0.111,0,,0,,0,,8,0.75,0,,0,,0,,0,,0,,2,0.0,0,,0,,2,-0.5,7,0.571,3,1.0,4,0.0,0,,14,0.5,1,0.0,1,0.0,0,,2,0.5,7,-0.143,9,0.0,0,,9,0.222,0,,9,0.444,0,,0,,8,0.375,0,,1,1.0,0,,1,1.0,1,0.0,0,,0,,8,0.0,0,,0,,0,
Isurumuniya Temple,0,,2,0.0,1,0.0,0,,0,,0,,0,,3,0.333,1,1.0,0,,0,,2,0.5,0,,0,,0,,48,0.188,0,,1,0.0,0,,6,0.0,0,,0,,0,,0,,0,,1,0.0,0,,0,,1,0.0,8,0.25,1,-1.0,0,,1,-1.0,1,0.0,0,,2,-0.5,0,,0,,2,0.5,1,0.0,11,-0.455,1,0.0,0,,5,0.0,0,,0,,23,0.261,0,,4,-0.25,0,,22,-0.273,2,0.5,0,,3,0.333,2,0.0,0,,0,,0,
Jaffna Fort,36,0.278,13,-0.077,0,,0,,0,,0,,4,0.25,9,-0.111,2,0.5,0,,0,,0,,0,,3,0.333,1,0.0,19,0.579,0,,2,0.0,5,-0.2,6,0.5,0,,4,0.0,0,,0,,0,,1,0.0,0,,0,,3,1.0,4,0.5,3,0.667,0,,0,,4,0.0,0,,3,1.0,0,,5,0.6,2,-0.5,8,-0.25,1,1.0,7,0.143,1,1.0,12,0.083,0,,3,0.333,8,0.0,0,,1,-1.0,0,,6,0.167,2,0.0,0,,1,1.0,5,-0.2,0,,2,1.0,1,-1.0
Jaffna Public Library,1,1.0,2,-0.5,0,,0,,0,,0,,0,,0,,1,-1.0,0,,0,,0,,0,,2,0.5,0,,4,0.25,0,,1,0.0,3,0.667,1,-1.0,0,,0,,0,,0,,0,,0,,0,,0,,2,0.5,1,1.0,0,,0,,0,,1,0.0,1,0.0,0,,0,,0,,5,0.2,0,,3,0.0,0,,0,,4,-0.75,0,,0,,4,-0.25,0,,2,0.0,0,,1,-1.0,1,-1.0,0,,0,,1,0.0,0,,0,,0,
Jami Ul-Alfar Mosque,1,1.0,3,0.333,0,,0,,0,,0,,0,,3,0.333,0,,0,,0,,0,,0,,3,0.0,0,,2,1.0,0,,8,0.25,6,0.167,10,0.3,0,,0,,0,,0,,0,,0,,0,,0,,2,0.0,18,-0.556,0,,5,0.0,0,,9,0.222,1,0.0,0,,0,,0,,3,0.333,0,,4,0.0,23,0.043,0,,5,0.4,0,,2,1.0,7,0.143,0,,5,0.2,0,,1,-1.0,3,-0.667,0,,8,-0.125,13,0.154,0,,6,0.167,0,
Japanese Peace Pagoda - Rumassala,1,0.0,22,0.091,0,,0,,0,,0,,2,0.5,3,0.0,0,,0,,0,,10,0.1,0,,19,0.158,0,,17,0.353,0,,2,-0.5,0,,6,0.5,0,,0,,0,,0,,0,,0,,0,,0,,0,,5,0.6,2,0.5,0,,0,,6,0.5,7,-0.286,1,1.0,1,0.0,1,0.0,2,0.0,3,-0.667,10,-0.4,1,0.0,0,,6,-0.333,0,,2,0.0,14,0.071,0,,4,0.75,0,,1,-1.0,3,0.333,0,,1,1.0,72,0.278,1,0.0,0,,0,
Jaya Sri Maha Bodhi,0,,5,0.4,0,,0,,0,,0,,0,,7,0.0,0,,0,,0,,5,0.0,0,,4,0.0,0,,31,0.29,0,,0,,1,0.0,4,0.25,0,,0,,0,,0,,0,,2,0.5,0,,0,,1,0.0,3,0.0,5,-0.2,3,0.0,0,,0,,1,0.0,17,-0.059,0,,3,0.667,21,0.095,16,0.125,12,-0.083,3,0.0,0,,2,0.5,0,,1,0.0,7,-0.429,0,,2,0.0,1,-1.0,20,-0.2,2,0.0,0,,2,0.0,5,0.0,0,,0,,0,
Jungle Beach,2,0.0,34,0.059,1,1.0,0,,0,,6,0.333,1,0.0,4,-0.5,21,0.143,0,,4,0.0,1,-1.0,0,,1,1.0,2,-1.0,16,-0.062,0,,18,-0.111,8,0.0,2,0.5,0,,0,,0,,0,,3,-0.333,0,,1,-1.0,0,,1,-1.0,18,0.333,9,0.111,0,,0,,56,0.107,16,-0.188,0,,0,,1,-1.0,6,-0.333,25,0.44,0,,7,0.143,7,0.143,12,0.0,3,0.667,0,,17,0.0,0,,4,-0.25,0,,1,0.0,9,-0.111,6,0.5,0,,76,0.079,0,,0,,4,0.0
Kabalana Beach,0,,8,-0.125,0,,0,,0,,0,,0,,0,,5,0.6,0,,0,,0,,0,,0,,0,,3,0.667,0,,1,-1.0,0,,0,,0,,0,,0,,0,,0,,0,,0,,0,,0,,0,,0,,0,,0,,8,0.375,0,,0,,0,,0,,0,,2,-0.5,0,,1,-1.0,0,,0,,0,,0,,0,,0,,0,,0,,0,,0,,0,,0,,1,0.0,0,,0,,0,
Kalametiya Eco Bird Watching,0,,15,0.133,0,,0,,0,,32,0.188,0,,6,0.5,0,,0,,0,,0,,0,,0,,2,1.0,2,0.5,0,,14,0.5,0,,42,0.524,0,,0,,0,,0,,0,,1,-1.0,0,,0,,0,,0,,0,,1,1.0,0,,0,,0,,0,,0,,3,0.667,0,,1,0.0,0,,2,0.5,0,,1,0.0,0,,0,,0,,0,,1,0.0,0,,0,,0,,0,,0,,12,0.25,0,,0,,0,
Kalutara Bodhiya,0,,11,0.091,0,,0,,0,,0,,15,0.2,0,,1,0.0,0,,0,,2,0.0,0,,36,0.056,0,,28,-0.071,0,,0,,0,,8,0.25,0,,0,,0,,0,,0,,0,,0,,0,,0,,10,0.3,3,0.333,5,0.0,0,,0,,4,0.0,1,0.0,0,,1,1.0,0,,0,,8,0.125,4,0.25,0,,2,-0.5,0,,0,,7,0.286,0,,0,,0,,2,-0.5,0,,0,,0,,9,0.222,0,,0,,1,0.0
Kande Viharaya Temple,2,0.5,8,0.125,0,,0,,0,,2,0.0,0,,0,,1,0.0,0,,0,,0,,0,,6,0.0,0,,6,-0.333,0,,0,,0,,6,0.5,0,,0,,0,,0,,0,,0,,0,,0,,3,-0.333,5,0.2,0,,0,,0,,0,,0,,0,,0,,0,,0,,0,,3,-0.333,0,,0,,1,0.0,0,,0,,10,-0.1,0,,2,0.5,0,,1,0.0,0,,0,,0,,16,0.062,1,0.0,0,,0,
Kandy Lake,1,0.0,34,0.176,0,,0,,1,1.0,34,0.176,2,0.0,1,-1.0,8,-0.25,0,,0,,0,,0,,0,,0,,8,0.375,0,,7,0.0,2,0.0,6,0.5,0,,0,,0,,0,,0,,1,-1.0,0,,0,,0,,4,0.25,51,-0.02,5,0.2,0,,20,0.15,4,0.0,1,1.0,0,,18,0.167,0,,9,0.222,0,,9,-0.333,0,,3,0.0,0,,0,,3,0.0,0,,4,-0.5,0,,5,-0.2,0,,0,,4,-0.25,25,0.0,0,,0,,0,
Kandy View Point,2,1.0,31,0.161,1,0.0,0,,0,,1,0.0,0,,2,0.0,1,0.0,0,,0,,0,,0,,0,,0,,14,0.0,0,,1,0.0,2,-0.5,7,0.0,0,,0,,0,,0,,0,,2,0.0,0,,0,,0,,18,-0.389,1,-1.0,5,0.4,0,,22,0.318,8,-0.5,1,0.0,0,,3,0.0,1,0.0,5,0.0,0,,7,0.286,2,1.0,2,0.5,0,,12,-0.083,5,0.0,0,,10,0.0,0,,2,0.0,0,,0,,1,0.0,55,0.145,24,0.125,1,-1.0,0,
Kanniya Hot Springs,0,,3,0.0,0,,0,,0,,0,,0,,4,-0.5,0,,0,,21,0.333,0,,0,,0,,0,,47,-0.043,0,,8,-0.125,10,0.0,2,0.0,0,,2,0.5,0,,0,,0,,0,,0,,2,0.5,0,,18,0.056,1,-1.0,2,-0.5,0,,1,-1.0,1,0.0,1,-1.0,0,,0,,0,,0,,4,0.0,6,0.333,9,0.333,4,-0.5,0,,9,0.111,4,0.25,0,,0,,3,0.333,19,-0.158,18,0.167,5,0.0,0,,4,0.25,0,,0,,0,
Kataragama Temple,0,,21,0.238,0,,0,,0,,0,,4,-0.25,3,-0.333,0,,0,,0,,1,-1.0,0,,2,-0.5,0,,6,-0.167,0,,3,0.333,0,,2,0.0,0,,0,,0,,0,,0,,2,-0.5,0,,0,,0,,17,0.059,4,0.25,8,0.375,1,1.0,3,0.333,5,0.0,1,-1.0,0,,0,,9,-0.111,2,0.0,2,0.0,10,0.1,0,,0,,0,,1,0.0,0,,0,,6,-0.333,0,,0,,2,0.0,0,,1,1.0,4,0.5,0,,0,,1,1.0
Kaudulla National Park,0,,55,0.236,0,,0,,0,,0,,0,,0,,0,,0,,0,,0,,0,,0,,1,1.0,58,0.155,0,,0,,4,0.0,26,0.192,0,,0,,48,0.292,0,,0,,0,,0,,0,,0,,4,0.25,0,,0,,2,0.0,1,0.0,5,0.0,1,0.0,0,,5,0.0,4,0.0,2,-0.5,0,,2,1.0,1,-1.0,4,0.0,0,,0,,0,,0,,2,0.0,2,0.0,24,0.125,3,0.0,0,,0,,1,1.0,0,,1,1.0,0,
Keerimalai Hot springs,0,,4,-0.25,0,,0,,0,,0,,0,,1,-1.0,0,,0,,12,0.0,2,-0.5,0,,0,,0,,9,0.556,0,,1,0.0,3,0.667,1,-1.0,0,,1,0.0,0,,0,,0,,0,,1,-1.0,0,,0,,3,0.667,0,,3,0.333,0,,0,,1,1.0,0,,0,,0,,0,,0,,0,,1,0.0,5,0.6,2,-0.5,0,,0,,4,-0.25,0,,1,0.0,0,,1,-1.0,5,0.2,0,,1,0.0,5,0.2,0,,0,,0,
Kelaniya Raja Maha Vihara,0,,8,0.375,0,,0,,0,,3,0.333,2,0.5,1,-1.0,0,,0,,0,,1,0.0,0,,5,-0.4,0,,10,0.2,0,,0,,4,0.75,7,0.0,0,,0,,0,,0,,0,,1,0.0,0,,0,,1,0.0,17,0.471,1,-1.0,1,1.0,0,,1,1.0,1,0.0,0,,0,,2,0.5,4,0.25,3,0.333,13,-0.154,6,0.167,0,,1,0.0,0,,0,,5,-0.2,0,,8,0.125,0,,1,0.0,4,0.25,0,,0,,11,0.273,0,,0,,0,
Kiri Vehera,0,,0,,0,,0,,0,,0,,0,,0,,0,,0,,0,,0,,0,,0,,0,,1,0.0,0,,0,,0,,1,0.0,0,,0,,0,,0,,0,,2,0.0,0,,0,,0,,1,0.0,1,1.0,0,,0,,0,,0,,0,,0,,0,,0,,0,,0,,0,,0,,0,,0,,0,,1,0.0,0,,0,,0,,0,,0,,0,,0,,0,,0,,0,,0,
Kirinda Viharaya,0,,1,0.0,0,,0,,0,,0,,0,,0,,0,,0,,0,,0,,0,,3,0.0,0,,0,,0,,0,,1,0.0,0,,0,,0,,0,,0,,0,,0,,0,,0,,0,,0,,0,,0,,0,,0,,0,,0,,0,,0,,0,,0,,1,1.0,0,,0,,0,,0,,0,,6,-0.167,0,,0,,0,,1,1.0,0,,0,,0,,1,1.0,0,,0,,0,
Knuckles Mountain Range,0,,102,0.167,0,,0,,0,,2,0.0,0,,1,0.0,0,,16,0.312,0,,1,0.0,0,,1,0.0,0,,11,0.091,1,1.0,5,0.4,2,-1.0,23,0.043,0,,0,,0,,0,,0,,0,,0,,0,,0,,0,,7,-0.143,2,-0.5,1,0.0,7,0.571,9,-0.222,1,0.0,0,,2,1.0,1,0.0,6,0.5,0,,1,0.0,7,-0.143,4,-0.25,0,,1,1.0,4,-0.25,0,,4,0.75,0,,0,,8,-0.25,3,-0.333,1,0.0,11,0.0,0,,0,,0,
Koggala Lake,0,,9,0.444,0,,0,,2,0.0,64,0.141,2,0.0,3,0.667,1,0.0,0,,0,,1,1.0,0,,0,,0,,39,0.051,0,,0,,1,0.0,5,0.2,0,,0,,0,,1,0.0,0,,0,,0,,0,,1,-1.0,0,,0,,0,,0,,2,-0.5,0,,0,,0,,0,,2,-0.5,0,,0,,6,-0.333,0,,0,,0,,0,,0,,0,,2,0.0,0,,1,-1.0,0,,0,,0,,19,0.0,0,,0,,0,
Kosgoda Sea Turtle Conservation Project,1,-1.0,23,0.435,0,,0,,0,,1,0.0,0,,7,-0.143,0,,0,,0,,0,,0,,81,0.185,0,,108,0.176,0,,0,,15,0.133,48,0.396,0,,0,,0,,0,,0,,1,1.0,0,,0,,3,0.667,1,0.0,0,,1,1.0,0,,3,-0.333,0,,1,0.0,0,,0,,4,0.5,7,-0.286,0,,9,0.333,0,,5,0.0,0,,21,0.19,1,0.0,0,,1,0.0,1,0.0,27,0.111,2,0.0,0,,0,,16,0.062,0,,1,0.0,1,-1.0
Kumana National Park,0,,9,0.444,0,,0,,0,,0,,1,0.0,0,,0,,13,0.154,0,,0,,0,,0,,0,,21,0.0,0,,1,0.0,0,,5,0.0,0,,0,,5,0.2,0,,0,,0,,0,,0,,1,-1.0,0,,0,,0,,0,,1,-1.0,9,-0.111,0,,0,,0,,0,,0,,0,,0,,0,,2,0.0,0,,0,,1,0.0,0,,0,,0,,2,0.0,0,,0,,0,,2,0.0,0,,2,0.0,0,
Laxapana Falls,0,,4,0.25,0,,0,,0,,0,,4,0.0,5,0.0,1,0.0,0,,0,,0,,0,,0,,0,,0,,0,,0,,0,,0,,0,,0,,0,,0,,0,,0,,0,,0,,0,,1,-1.0,3,0.333,0,,0,,2,0.5,3,0.0,0,,0,,0,,0,,0,,0,,3,-0.333,0,,1,0.0,0,,0,,16,0.312,0,,0,,0,,0,,2,1.0,0,,0,,0,,0,,0,,0,
Lipton's Seat,0,,64,0.219,0,,0,,0,,0,,1,0.0,6,0.167,55,0.309,0,,0,,1,-1.0,0,,1,1.0,0,,102,0.069,0,,30,0.3,1,1.0,7,0.429,0,,0,,0,,0,,0,,1,0.0,0,,0,,0,,8,0.25,0,,16,0.188,0,,16,0.312,53,-0.075,0,,1,-1.0,8,0.0,2,-0.5,5,-0.4,0,,35,0.257,0,,7,0.143,0,,0,,7,-0.143,0,,11,-0.182,5,0.2,24,0.042,23,-0.348,0,,5,0.0,302,0.139,2,0.5,0,,1,0.0
Little Adam's Peak View Point,2,-0.5,72,0.292,0,,0,,0,,0,,37,0.351,11,0.273,17,0.059,0,,0,,1,0.0,0,,1,1.0,0,,33,0.212,0,,12,0.25,1,0.0,6,0.333,0,,0,,1,0.0,0,,0,,1,-1.0,1,0.0,0,,0,,9,0.0,6,0.167,2,0.0,0,,11,0.455,8,0.0,2,0.0,0,,1,1.0,1,-1.0,18,-0.111,0,,6,0.5,0,,25,0.4,0,,3,0.667,208,0.024,0,,5,0.0,0,,3,-0.333,8,0.25,0,,0,,58,0.172,1,-1.0,0,,1,-1.0
Lovamahapaya Brazen Palace,0,,1,1.0,0,,0,,0,,0,,0,,0,,0,,0,,0,,0,,0,,0,,0,,0,,0,,0,,0,,0,,0,,0,,0,,0,,0,,0,,0,,0,,0,,0,,0,,0,,0,,0,,0,,7,-0.143,0,,0,,0,,1,-1.0,0,,0,,0,,0,,0,,0,,0,,0,,0,,0,,0,,1,0.0,0,,0,,0,,0,,0,,0,
Lover's Leap Falls,0,,25,0.28,0,,0,,0,,0,,1,1.0,7,0.143,0,,0,,0,,1,0.0,0,,0,,5,-0.2,25,0.04,0,,3,0.0,0,,4,0.25,0,,0,,0,,0,,0,,0,,0,,0,,0,,21,-0.143,7,0.0,2,0.5,0,,4,0.75,14,-0.214,6,-0.167,0,,1,-1.0,0,,2,0.0,0,,1,0.0,0,,10,-0.1,0,,0,,3,0.0,0,,6,-0.167,0,,1,-1.0,0,,0,,0,,119,0.076,4,0.0,0,,0,
Lunugamvehera National Park,0,,3,0.667,0,,0,,0,,0,,0,,0,,0,,0,,0,,0,,0,,0,,0,,6,-0.167,0,,0,,0,,1,1.0,0,,0,,0,,0,,0,,0,,0,,0,,0,,1,0.0,0,,0,,0,,0,,0,,0,,0,,0,,1,0.0,0,,0,,0,,0,,0,,0,,0,,0,,0,,1,0.0,1,0.0,1,0.0,0,,0,,0,,0,,0,,0,,0,
Madu River Safari by Buddhi,0,,40,0.225,0,,0,,3,0.667,267,0.232,30,0.133,2,0.5,0,,0,,0,,3,-0.333,0,,14,0.143,0,,138,0.094,0,,7,0.143,4,0.25,37,0.297,0,,0,,0,,14,0.214,0,,0,,0,,0,,2,-0.5,2,0.0,0,,2,0.5,0,,11,0.182,0,,1,0.0,0,,2,1.0,0,,15,-0.067,0,,34,0.206,2,-0.5,0,,0,,0,,2,-0.5,0,,1,0.0,1,0.0,4,-0.5,2,1.0,2,0.0,0,,14,-0.071,0,,0,,0,
Maduru Oya National Park,0,,9,0.333,0,,0,,0,,0,,0,,1,1.0,0,,0,,0,,0,,0,,0,,0,,4,-0.25,0,,0,,0,,1,0.0,0,,0,,0,,0,,0,,0,,0,,0,,0,,0,,0,,0,,0,,0,,2,0.0,0,,0,,0,,0,,0,,0,,0,,0,,1,0.0,0,,0,,0,,0,,1,0.0,0,,2,-1.0,1,0.0,1,0.0,0,,0,,0,,0,,0,
Maha Saman Dewalaya,0,,0,,0,,0,,0,,0,,0,,0,,0,,0,,0,,0,,0,,0,,0,,1,1.0,0,,0,,0,,2,0.0,0,,0,,0,,0,,0,,1,0.0,0,,0,,0,,1,1.0,0,,0,,0,,0,,0,,0,,0,,0,,1,0.0,0,,0,,1,0.0,0,,0,,0,,0,,1,0.0,0,,0,,0,,0,,0,,0,,0,,0,,0,,0,,0,
Maligawila Buddha Statue,0,,7,0.286,0,,0,,0,,0,,0,,0,,0,,0,,0,,0,,0,,0,,0,,0,,0,,0,,0,,0,,0,,0,,0,,0,,0,,0,,0,,0,,0,,1,0.0,0,,1,0.0,0,,0,,0,,0,,0,,0,,1,0.0,2,0.0,0,,0,,0,,0,,0,,0,,1,0.0,0,,0,,0,,0,,0,,0,,0,,0,,0,,0,,0,
Marble Beach,0,,134,0.209,0,,0,,0,,0,,1,0.0,0,,8,0.25,0,,5,0.6,1,1.0,0,,0,,0,,42,0.238,0,,6,0.5,11,0.182,1,0.0,0,,0,,0,,0,,16,0.25,0,,0,,0,,0,,13,0.462,0,,2,-0.5,0,,45,0.222,7,-0.143,3,0.333,0,,1,0.0,25,0.2,7,0.429,0,,6,0.167,15,0.333,2,-1.0,2,0.5,0,,1,0.0,0,,17,0.235,0,,16,0.375,22,0.273,0,,0,,13,0.154,0,,0,,1,1.0
Matara Paravi Duwa Temple,2,0.0,2,-0.5,0,,0,,0,,0,,40,0.075,0,,0,,0,,0,,1,0.0,0,,4,-0.25,0,,12,0.167,0,,0,,0,,1,0.0,0,,0,,0,,0,,0,,0,,0,,0,,0,,0,,5,-0.2,9,0.333,0,,1,1.0,0,,0,,0,,0,,1,0.0,1,1.0,1,0.0,1,-1.0,0,,0,,0,,0,,7,-0.143,0,,0,,0,,1,-1.0,0,,0,,0,,1,0.0,1,1.0,0,,0,
Mihintale,0,,14,0.071,0,,0,,0,,0,,2,-0.5,6,0.5,2,-0.5,0,,0,,4,0.25,0,,4,-0.5,1,1.0,66,0.197,0,,2,0.5,1,0.0,22,0.455,15,0.0,0,,0,,0,,0,,1,0.0,0,,0,,2,0.0,36,0.111,3,-0.333,6,0.333,0,,2,1.0,2,0.0,13,0.154,0,,1,0.0,3,0.333,10,0.3,32,-0.156,5,-0.4,1,0.0,7,0.143,0,,0,,275,0.04,0,,6,-0.167,7,0.0,19,-0.053,3,-1.0,1,1.0,0,,37,0.162,1,0.0,0,,0,
Minneriya National Park,1,-1.0,50,0.22,0,,0,,0,,0,,0,,1,0.0,0,,0,,0,,0,,0,,0,,2,0.5,64,0.031,0,,1,0.0,0,,34,0.412,1,-1.0,0,,60,0.217,0,,0,,0,,0,,0,,1,0.0,16,0.125,1,0.0,0,,2,0.0,0,,5,0.0,1,1.0,0,,8,-0.125,5,0.2,4,0.25,0,,0,,2,0.0,4,0.0,0,,0,,1,0.0,0,,3,0.333,4,0.25,26,0.0,2,0.0,0,,0,,1,0.0,1,0.0,0,,0,
Mirissa Beach,3,0.667,82,0.098,0,,0,,0,,4,0.0,2,1.0,2,0.0,31,0.484,0,,0,,0,,0,,0,,0,,11,0.273,0,,4,0.75,3,0.333,2,0.5,0,,0,,0,,0,,9,-0.111,1,-1.0,0,,0,,0,,0,,2,0.0,2,0.5,0,,282,0.443,4,-0.25,0,,1,0.0,5,0.2,13,0.0,16,0.25,0,,15,0.2,7,0.0,4,-0.5,2,1.0,3,-1.0,3,0.0,0,,6,0.167,0,,2,0.0,4,0.5,1,0.0,0,,25,0.2,0,,0,,0,
Moon Plains,0,,2,0.5,0,,0,,0,,0,,0,,2,0.0,1,0.0,0,,0,,0,,0,,0,,0,,44,0.045,0,,1,1.0,2,-0.5,6,0.167,0,,0,,12,0.25,0,,0,,0,,0,,0,,2,0.5,6,0.333,0,,2,-1.0,0,,1,-1.0,6,-0.667,4,-0.25,0,,1,1.0,1,0.0,1,0.0,0,,2,0.0,1,0.0,3,-0.333,0,,0,,5,-0.2,0,,4,0.0,6,-0.167,29,0.0,6,-0.167,0,,0,,3,0.0,11,0.182,0,,0,
Moonstone or Sandakada pahana,0,,1,1.0,0,,0,,0,,0,,0,,0,,0,,0,,0,,0,,0,,0,,0,,0,,0,,0,,0,,2,0.0,0,,0,,0,,0,,0,,0,,0,,0,,0,,0,,0,,0,,0,,0,,0,,4,-0.25,0,,0,,0,,0,,0,,1,0.0,0,,0,,0,,0,,11,0.091,0,,0,,0,,1,-1.0,0,,0,,0,,2,-0.5,0,,0,,0,
Mount Lavinia Beach,0,,244,0.324,0,,0,,0,,2,0.0,4,0.5,0,,14,0.357,0,,4,0.25,0,,0,,0,,0,,8,0.125,0,,17,0.176,7,0.714,1,0.0,0,,0,,0,,0,,17,0.235,0,,1,1.0,0,,1,0.0,7,0.286,0,,3,0.667,0,,202,0.401,0,,1,1.0,0,,9,0.556,20,0.3,7,0.429,0,,9,0.222,5,0.0,6,0.167,0,,2,-0.5,2,0.5,0,,14,0.357,0,,1,0.0,8,0.0,6,0.0,7,0.429,17,0.118,0,,1,0.0,1,-1.0
Mulgirigala Raja Maha Vihara,0,,17,0.294,0,,0,,0,,0,,0,,6,1.0,0,,0,,0,,3,0.0,0,,26,0.154,0,,111,0.207,0,,3,0.0,4,-0.5,34,0.529,2,-0.5,0,,0,,0,,0,,0,,0,,0,,2,0.0,14,0.071,1,0.0,6,0.5,0,,0,,0,,8,0.125,0,,0,,0,,2,-0.5,5,0.0,1,0.0,0,,4,0.0,0,,1,0.0,187,-0.032,0,,3,0.333,9,0.0,23,0.261,6,-0.333,0,,0,,50,0.3,0,,0,,1,1.0
Muthurajawela Marsh,0,,33,0.364,0,,0,,2,0.0,147,0.286,2,0.0,4,0.0,0,,0,,0,,0,,0,,0,,3,0.667,33,0.061,0,,3,0.667,0,,48,0.396,0,,1,0.0,0,,3,1.0,0,,0,,0,,0,,0,,0,,0,,1,-1.0,0,,4,0.0,1,0.0,1,-1.0,1,0.0,3,0.333,0,,5,0.0,0,,0,,0,,8,0.0,0,,2,1.0,0,,0,,7,0.286,0,,1,0.0,2,0.5,0,,0,,28,0.286,0,,31,0.226,0,
Nagadipa Purana Vihara,2,-0.5,7,0.143,0,,0,,1,0.0,63,0.032,2,0.5,1,0.0,2,0.5,0,,0,,1,0.0,0,,3,0.333,0,,21,0.143,0,,1,0.0,3,0.0,0,,0,,0,,0,,16,0.0,0,,0,,0,,2,0.0,0,,4,0.0,1,0.0,8,-0.125,0,,2,0.0,4,0.0,0,,0,,3,1.0,0,,2,0.5,1,0.0,1,1.0,0,,2,-0.5,0,,0,,1,-1.0,0,,0,,0,,2,0.0,2,0.0,0,,0,,11,0.0,0,,0,,1,0.0
Nalanda Gedige,0,,4,0.25,0,,0,,0,,0,,0,,3,0.0,0,,0,,0,,0,,1,-1.0,2,0.0,0,,13,0.385,0,,0,,0,,3,0.333,0,,0,,0,,0,,0,,0,,0,,0,,0,,10,0.3,0,,1,0.0,0,,1,1.0,0,,0,,0,,0,,0,,2,0.5,2,1.0,0,,0,,6,0.0,0,,0,,1,-1.0,0,,1,0.0,0,,3,-1.0,1,0.0,0,,0,,2,0.5,0,,5,0.0,0,
Nallur Kandaswamy Kovil Festival,0,,1,0.0,0,,0,,0,,0,,0,,0,,0,,0,,0,,0,,0,,0,,0,,0,,0,,0,,0,,0,,0,,0,,0,,0,,0,,0,,0,,0,,0,,0,,0,,0,,0,,0,,0,,0,,0,,0,,0,,0,,1,1.0,0,,0,,0,,0,,0,,0,,0,,0,,0,,0,,0,,0,,0,,0,,0,,0,,0,
Negombo Beach,0,,194,0.263,1,0.0,1,1.0,0,,14,0.0,0,,4,0.0,9,0.222,0,,0,,1,-1.0,0,,0,,0,,4,-0.25,0,,24,0.333,9,-0.778,3,-0.333,0,,0,,0,,1,0.0,2,-1.0,1,0.0,0,,0,,0,,6,0.167,0,,1,0.0,0,,104,0.337,2,0.0,4,0.0,0,,4,0.5,4,-0.5,7,-0.429,1,-1.0,13,0.231,1,0.0,2,0.0,0,,9,0.0,1,-1.0,0,,3,0.0,0,,0,,4,-0.25,4,0.25,2,0.5,16,-0.188,0,,0,,2,1.0
Negombo Fish Market,0,,37,0.081,0,,0,,0,,4,-0.25,5,0.0,1,0.0,0,,0,,0,,0,,0,,3,0.333,0,,21,0.095,0,,1,0.0,0,,18,0.222,0,,0,,0,,0,,0,,0,,0,,1,0.0,0,,3,0.333,0,,1,-1.0,0,,15,0.067,1,0.0,0,,0,,3,0.333,0,,4,0.0,0,,7,0.286,0,,0,,0,,0,,0,,0,,1,0.0,0,,0,,0,,0,,1,0.0,27,0.222,0,,0,,1,0.0
Nilavarai Bottomless Well,0,,6,0.167,0,,0,,0,,0,,0,,0,,0,,0,,0,,0,,0,,0,,2,0.0,7,0.143,0,,1,1.0,0,,1,0.0,0,,0,,0,,0,,0,,0,,0,,0,,0,,4,-0.25,0,,1,1.0,0,,2,1.0,0,,4,0.0,0,,1,0.0,3,-0.333,1,0.0,0,,3,-0.333,0,,5,0.2,0,,0,,2,0.0,0,,0,,0,,4,0.0,0,,0,,0,,5,0.0,0,,0,,0,
Nilaveli Beach,0,,110,0.027,1,1.0,0,,0,,8,0.25,0,,0,,10,-0.1,0,,1,0.0,1,-1.0,0,,0,,0,,8,0.25,0,,2,-0.5,5,-0.2,0,,0,,0,,0,,0,,14,0.5,0,,0,,0,,0,,5,0.8,0,,0,,0,,41,-0.024,1,0.0,0,,0,,0,,17,0.529,11,-0.182,0,,9,-0.667,3,-0.333,1,0.0,0,,1,1.0,0,,0,,2,0.5,0,,3,0.0,3,0.333,0,,0,,4,0.5,0,,0,,1,0.0
Nine Arches Bridge,3,0.667,27,0.148,0,,0,,0,,0,,897,0.099,8,0.125,37,0.243,0,,0,,0,,0,,0,,0,,33,0.364,4,0.0,8,0.125,3,0.0,11,0.182,1,0.0,0,,0,,0,,0,,3,0.333,0,,0,,0,,16,0.0,5,0.2,10,0.2,0,,4,0.75,16,0.125,2,-0.5,0,,7,0.571,4,0.0,4,0.25,0,,8,0.25,0,,18,-0.389,0,,2,0.0,29,-0.103,0,,3,-0.667,0,,7,0.0,3,0.667,0,,37,0.054,153,0.085,1,0.0,0,,1,1.0
Old Parliament Building,0,,45,0.267,0,,0,,0,,0,,0,,0,,1,1.0,0,,0,,0,,0,,0,,0,,0,,0,,1,0.0,1,0.0,0,,0,,0,,0,,0,,0,,0,,0,,0,,0,,4,-0.5,2,0.5,1,1.0,0,,1,0.0,0,,12,-0.25,0,,0,,21,-0.095,0,,0,,3,-0.333,0,,0,,0,,0,,0,,0,,2,-0.5,0,,0,,0,,0,,0,,2,0.0,0,,0,,0,
Pasikudah Beach,1,1.0,65,0.2,0,,0,,0,,8,0.625,0,,0,,1,-1.0,0,,3,0.333,0,,0,,0,,0,,5,-0.2,0,,1,0.0,2,0.5,0,,0,,0,,0,,0,,4,0.0,0,,0,,0,,0,,0,,0,,0,,0,,4,0.0,0,,1,1.0,0,,1,-1.0,7,-0.143,1,0.0,0,,0,,1,0.0,0,,0,,0,,0,,0,,0,,0,,0,,0,,0,,0,,0,,0,,0,,0,
Passikudah Beach,1,0.0,222,0.261,0,,0,,1,-1.0,12,0.417,1,-1.0,0,,1,0.0,0,,2,0.5,0,,0,,0,,0,,5,0.2,0,,3,0.333,3,1.0,0,,0,,0,,0,,0,,11,0.364,0,,0,,0,,0,,5,0.2,0,,0,,0,,23,0.0,1,1.0,0,,0,,1,1.0,18,0.389,15,0.067,1,-1.0,9,-0.111,3,0.0,1,0.0,0,,0,,0,,0,,2,0.5,0,,1,0.0,2,0.0,1,0.0,0,,0,,0,,0,,0,
Pedro Tea Factory,1,1.0,14,0.357,0,,0,,0,,0,,0,,1,-1.0,26,0.423,0,,0,,0,,0,,1,0.0,0,,106,0.179,0,,3,0.0,11,0.273,115,0.252,0,,0,,0,,0,,0,,0,,0,,0,,6,0.333,6,0.5,0,,2,0.5,0,,4,0.0,0,,0,,0,,1,1.0,1,0.0,0,,0,,43,0.093,1,0.0,5,0.0,0,,8,0.125,10,-0.1,0,,4,0.25,1,0.0,21,0.0,6,-0.333,1,-1.0,0,,21,0.429,2,0.5,2,0.0,0,
Pettah Floating Market,0,,0,,0,,2,0.0,0,,0,,2,-0.5,1,0.0,7,0.143,0,,0,,0,,0,,0,,2,0.5,3,0.0,0,,7,0.143,1,1.0,0,,0,,0,,0,,0,,0,,1,0.0,0,,2,0.0,0,,2,0.0,0,,7,0.143,0,,16,0.125,0,,0,,0,,3,0.667,2,0.0,1,-1.0,0,,46,-0.109,1,0.0,0,,0,,4,0.0,0,,0,,0,,0,,0,,3,-0.667,0,,6,-0.167,2,0.0,0,,0,,0,
Pidurangala Rock,2,-0.5,12,0.333,0,,0,,0,,0,,1,0.0,8,0.25,0,,0,,0,,12,0.25,0,,0,,0,,107,0.355,0,,3,0.333,2,-0.5,7,-0.143,2,-0.5,0,,0,,0,,0,,2,0.0,0,,0,,0,,3,0.667,6,-0.833,0,,0,,0,,1,1.0,3,-0.333,0,,0,,3,-0.667,19,0.211,12,0.167,2,0.0,1,0.0,8,-0.125,0,,1,-1.0,160,-0.156,0,,0,,7,0.0,28,0.25,3,-0.667,0,,0,,25,0.2,0,,0,,0,
Pidurutalagala,0,,2,0.0,0,,0,,0,,0,,0,,3,0.0,7,0.143,0,,0,,0,,0,,0,,0,,7,0.286,0,,6,0.0,1,0.0,2,0.5,0,,0,,0,,0,,0,,0,,0,,0,,1,0.0,6,-0.333,0,,0,,0,,1,0.0,9,0.0,7,0.143,0,,0,,29,-0.103,0,,0,,7,0.0,0,,1,0.0,0,,0,,1,-1.0,0,,0,,2,-0.5,9,-0.222,4,0.25,0,,0,,2,-0.5,0,,0,,0,
Pinnawala Elephant Orphanage,0,,54,0.056,0,,0,,0,,1,0.0,0,,4,-0.75,5,0.2,0,,0,,0,,0,,9,-0.222,1,1.0,102,-0.029,0,,4,0.0,12,0.083,30,0.1,0,,6,0.333,2,0.5,0,,0,,1,0.0,0,,0,,0,,3,0.0,1,1.0,1,0.0,0,,27,0.222,9,0.667,6,-0.167,0,,1,1.0,10,0.0,16,-0.188,0,,28,0.143,15,0.2,13,-0.077,0,,32,0.281,5,0.0,0,,1,1.0,4,0.25,76,-0.039,6,0.833,0,,1,0.0,6,0.5,2,0.5,0,,0,
Pitawala Pathana,0,,3,0.667,0,,0,,0,,0,,0,,0,,1,0.0,0,,0,,0,,0,,0,,0,,1,0.0,0,,3,0.0,0,,0,,0,,0,,0,,0,,0,,0,,0,,0,,0,,2,0.0,0,,0,,0,,2,1.0,3,-0.333,0,,0,,1,0.0,0,,0,,0,,2,0.5,0,,2,0.5,0,,0,,0,,0,,0,,2,0.0,9,-0.222,2,0.5,0,,0,,0,,0,,0,,0,
Polhena Beach,0,,36,0.361,0,,0,,0,,1,0.0,0,,1,0.0,3,0.0,0,,4,0.0,1,0.0,1,1.0,0,,0,,8,0.125,0,,1,1.0,3,0.0,2,0.5,0,,0,,0,,0,,6,-0.333,0,,0,,0,,0,,11,-0.182,0,,1,0.0,0,,22,0.318,1,0.0,0,,0,,0,,12,0.083,11,-0.273,0,,8,-0.125,3,-0.333,1,1.0,7,0.143,0,,1,0.0,0,,1,1.0,0,,0,,1,-1.0,2,-0.5,3,0.0,10,0.1,0,,0,,1,1.0
Polonnaruwa Vatadage,0,,0,,3,1.0,0,,0,,0,,0,,7,-0.286,0,,0,,0,,2,0.5,0,,0,,0,,9,0.111,0,,2,-0.5,2,0.5,10,0.2,0,,0,,0,,0,,0,,0,,0,,0,,1,0.0,0,,1,-1.0,0,,0,,0,,0,,0,,0,,0,,9,0.222,3,0.333,12,-0.167,2,0.5,0,,7,0.143,0,,2,-0.5,15,0.067,0,,0,,1,0.0,5,0.4,1,1.0,0,,0,,5,-0.2,0,,0,,0,
Popham's Arboretum,0,,14,0.357,0,,0,,0,,0,,0,,5,0.2,0,,0,,0,,0,,0,,38,0.079,0,,31,0.097,0,,1,1.0,2,0.0,27,0.519,0,,0,,1,1.0,0,,0,,0,,0,,0,,0,,0,,3,0.667,0,,0,,0,,0,,1,-1.0,0,,0,,4,0.5,3,0.333,0,,0,,2,0.5,11,0.364,0,,0,,1,1.0,0,,0,,0,,6,-0.167,2,0.5,0,,0,,6,0.167,0,,0,,0,
Rankoth Vehera,0,,2,0.0,0,,0,,0,,0,,0,,0,,0,,0,,0,,0,,0,,0,,0,,0,,0,,0,,1,0.0,0,,0,,0,,0,,0,,0,,0,,0,,0,,0,,0,,0,,0,,0,,0,,0,,0,,0,,0,,1,0.0,0,,1,0.0,1,0.0,0,,0,,0,,0,,3,-0.333,0,,0,,0,,1,0.0,0,,0,,0,,0,,0,,0,,0,
Ravana Ella Falls,1,0.0,11,0.091,0,,0,,0,,0,,14,0.0,0,,2,1.0,0,,0,,3,-0.667,0,,0,,0,,34,0.147,0,,25,0.32,1,1.0,3,0.333,0,,1,-1.0,0,,0,,0,,1,0.0,0,,0,,0,,28,0.143,0,,7,-0.143,0,,10,0.7,11,0.091,2,-0.5,1,0.0,1,0.0,3,0.333,1,0.0,0,,10,0.3,15,0.0,4,-0.75,0,,12,0.083,5,-0.6,0,,6,0.0,0,,5,0.0,4,1.0,2,-0.5,1,0.0,52,0.192,9,0.444,0,,1,1.0
Richmond Castle,0,,12,0.083,0,,0,,0,,0,,0,,1,0.0,0,,0,,0,,0,,0,,7,0.143,2,0.0,50,0.32,0,,1,-1.0,1,1.0,28,0.679,0,,0,,0,,0,,0,,0,,0,,0,,2,-0.5,3,0.333,0,,1,0.0,0,,1,1.0,1,0.0,0,,0,,1,1.0,0,,0,,0,,0,,0,,6,0.167,0,,0,,15,0.267,0,,1,0.0,0,,8,0.375,3,0.333,0,,0,,25,0.36,0,,0,,0,
Ridee Viharaya (silver Temple),0,,16,0.812,0,,0,,0,,0,,0,,1,0.0,0,,0,,0,,0,,0,,6,0.333,0,,1,1.0,0,,0,,2,1.0,4,0.25,0,,0,,0,,0,,0,,0,,0,,0,,0,,1,1.0,0,,0,,0,,1,1.0,0,,0,,0,,0,,0,,0,,0,,0,,0,,0,,0,,0,,4,0.25,0,,0,,0,,0,,1,0.0,0,,0,,0,,0,,1,0.0,0,
Ritigala Forest Monastery,1,0.0,10,0.2,0,,0,,0,,0,,6,0.167,12,0.0,0,,0,,0,,0,,0,,26,0.115,1,1.0,60,0.133,0,,0,,2,0.5,26,0.269,0,,2,0.5,0,,0,,0,,0,,0,,0,,1,0.0,5,-0.2,21,-0.143,0,,0,,1,-1.0,16,-0.062,2,0.0,1,0.0,0,,4,0.25,7,0.143,0,,1,-1.0,1,0.0,7,0.143,0,,0,,27,-0.037,0,,3,-0.667,3,0.333,25,0.08,13,0.0,0,,0,,34,0.206,0,,6,0.167,0,
Royal Botanical Gardens,0,,3,0.333,0,,0,,0,,0,,87,0.253,35,0.343,62,0.403,0,,0,,0,,0,,2,0.5,1,0.0,113,0.195,0,,11,0.091,3,1.0,25,0.44,0,,2,0.5,0,,0,,0,,0,,0,,0,,3,-0.333,4,0.5,17,0.294,2,0.0,1,1.0,31,0.258,0,,0,,0,,19,0.211,4,0.5,36,0.417,0,,15,0.267,0,,10,0.3,0,,19,0.632,0,,0,,9,0.0,4,1.0,22,0.5,24,0.583,0,,1,0.0,24,0.125,0,,1,1.0,1,1.0
Ruwanweli Maha Seya,1,0.0,6,-0.333,2,0.5,0,,0,,0,,0,,6,-0.667,0,,0,,0,,3,-0.333,0,,9,0.0,1,0.0,39,0.179,0,,1,0.0,2,1.0,14,0.5,0,,0,,0,,0,,0,,5,0.6,0,,0,,3,0.667,12,0.083,6,-0.5,2,-0.5,0,,0,,1,0.0,0,,0,,0,,6,-0.167,6,-0.5,20,-0.15,7,0.0,0,,4,-0.75,0,,1,-1.0,4,0.0,0,,3,0.0,1,-1.0,34,-0.176,2,-0.5,0,,10,-0.1,25,0.08,0,,0,,1,0.0
Samadhi Statue,0,,1,0.0,0,,0,,0,,0,,0,,1,0.0,0,,0,,0,,0,,0,,1,0.0,0,,5,0.2,0,,1,0.0,0,,1,0.0,0,,0,,0,,0,,0,,0,,0,,1,0.0,2,0.0,2,0.0,4,0.25,0,,0,,0,,0,,1,0.0,0,,0,,0,,5,0.2,2,0.0,1,-1.0,0,,3,0.0,0,,0,,0,,0,,0,,0,,2,-0.5,0,,0,,0,,0,,0,,0,,0,
Samudra Parakrama,0,,6,0.333,0,,0,,0,,4,0.25,0,,1,0.0,0,,0,,0,,0,,0,,0,,0,,0,,0,,0,,1,1.0,2,0.5,0,,0,,0,,2,-1.0,0,,0,,0,,0,,0,,2,0.0,0,,0,,0,,0,,0,,0,,0,,0,,0,,0,,0,,0,,0,,0,,0,,0,,0,,0,,0,,0,,1,-1.0,0,,0,,0,,0,,0,,0,,0,
Sea Turtle Conservation Project (Koggala),3,0.0,7,0.0,0,,0,,0,,0,,0,,0,,0,,0,,0,,0,,0,,19,0.211,0,,52,0.115,0,,0,,6,0.333,26,0.269,0,,0,,0,,0,,0,,0,,0,,0,,1,1.0,0,,0,,0,,0,,0,,0,,1,0.0,0,,0,,0,,1,1.0,0,,0,,0,,1,0.0,0,,1,1.0,1,0.0,0,,1,1.0,0,,17,0.176,0,,0,,0,,4,0.5,0,,0,,0,
Sea Turtle Farm Galle Mahamodara,0,,4,-0.25,0,,0,,0,,0,,0,,0,,1,0.0,0,,0,,0,,0,,37,0.135,0,,52,0.192,0,,0,,22,0.545,19,0.632,0,,0,,0,,0,,0,,0,,0,,0,,1,-1.0,1,0.0,0,,0,,0,,4,0.75,0,,1,0.0,0,,0,,4,0.0,4,0.25,0,,1,0.0,0,,0,,0,,1,1.0,4,0.5,0,,1,1.0,0,,16,0.125,0,,0,,2,0.5,10,0.0,0,,0,,0,
Seema Malakaya Temple,1,0.0,8,-0.125,0,,2,0.5,0,,2,0.5,31,0.226,1,-1.0,1,0.0,0,,0,,0,,0,,16,-0.312,0,,68,0.074,0,,0,,0,,1,0.0,0,,0,,0,,0,,0,,2,0.0,0,,0,,0,,0,,5,-0.4,0,,0,,1,0.0,1,0.0,1,0.0,0,,5,0.2,3,0.333,3,0.333,6,0.0,4,0.0,0,,2,-0.5,0,,0,,2,-0.5,0,,4,0.5,1,0.0,54,0.111,1,-1.0,0,,0,,5,0.4,0,,0,,0,
Seenigama Muhudu Viharaya,0,,5,0.0,0,,0,,0,,9,0.111,0,,2,0.0,0,,0,,0,,0,,0,,0,,0,,5,0.0,0,,0,,0,,0,,0,,0,,0,,0,,0,,1,-1.0,0,,0,,0,,1,0.0,0,,0,,0,,0,,1,0.0,0,,0,,0,,0,,0,,1,0.0,0,,0,,0,,0,,0,,1,-1.0,0,,0,,0,,0,,0,,0,,0,,0,,0,,0,,0,
Seruwila Mangala Raja Maha Vihara,0,,1,0.0,0,,0,,0,,0,,0,,0,,0,,0,,0,,0,,0,,0,,1,0.0,0,,0,,0,,0,,0,,0,,0,,0,,0,,0,,0,,0,,0,,0,,1,1.0,1,-1.0,0,,0,,1,1.0,2,0.0,3,0.0,0,,0,,1,0.0,0,,0,,0,,0,,0,,0,,0,,0,,0,,1,0.0,0,,1,1.0,0,,0,,0,,0,,0,,0,,0,
Sigiriya Lion Rock,2,0.0,26,0.269,0,,0,,0,,0,,1,-1.0,9,0.444,1,-1.0,0,,0,,0,,0,,1,-1.0,4,0.75,88,-0.114,0,,8,-0.25,6,0.167,43,0.349,6,-0.333,1,1.0,0,,0,,0,,0,,0,,0,,0,,14,0.143,5,-0.4,0,,2,0.5,2,0.5,3,0.667,4,0.5,0,,2,0.5,10,0.3,12,-0.083,0,,4,0.0,2,-0.5,14,0.286,0,,4,0.0,284,-0.06,0,,3,0.667,15,0.0,78,0.038,14,0.0,0,,0,,5,0.4,0,,0,,0,
Single Tree Hill,0,,7,0.0,0,,0,,0,,0,,0,,4,-0.25,0,,0,,0,,1,1.0,0,,0,,0,,0,,0,,0,,0,,1,0.0,0,,0,,0,,0,,0,,0,,0,,0,,0,,3,0.0,1,0.0,1,-1.0,0,,1,0.0,5,-0.6,8,0.0,0,,1,0.0,1,-1.0,0,,0,,0,,0,,4,-0.5,0,,0,,3,0.0,0,,3,0.333,0,,0,,0,,0,,0,,5,0.6,2,0.0,0,,0,
Sinharaja Forest Reserve,0,,116,0.155,1,1.0,0,,0,,0,,13,-0.154,5,0.0,3,0.0,0,,0,,0,,0,,1,0.0,1,1.0,67,0.149,0,,13,0.231,3,0.333,112,0.384,0,,0,,3,0.0,0,,0,,0,,0,,0,,0,,6,0.667,10,-0.4,5,0.4,4,0.25,9,0.333,12,-0.25,1,-1.0,0,,1,1.0,2,0.5,17,-0.059,0,,9,0.222,3,0.667,2,-1.0,2,0.0,1,0.0,3,-0.333,0,,6,0.333,13,0.154,30,0.1,10,-0.1,2,0.5,0,,31,0.161,0,,2,-0.5,0,
Sithulpawwa Rock Temple,1,0.0,6,0.333,0,,0,,0,,0,,0,,0,,0,,0,,0,,1,0.0,0,,3,0.667,0,,3,0.333,0,,1,1.0,1,1.0,2,0.5,2,-0.5,0,,0,,0,,0,,0,,0,,0,,0,,8,0.0,0,,1,-1.0,0,,0,,11,0.182,1,0.0,0,,1,0.0,1,0.0,1,0.0,3,-0.667,2,0.0,0,,1,0.0,0,,0,,13,-0.077,0,,0,,0,,0,,3,0.667,0,,0,,3,0.0,0,,0,,0,
Somawathiya Chaitya,0,,2,0.5,0,,0,,0,,0,,0,,2,0.0,0,,0,,0,,0,,0,,1,-1.0,1,0.0,0,,0,,1,0.0,2,0.0,1,0.0,0,,0,,0,,0,,0,,0,,0,,0,,0,,2,-0.5,0,,0,,0,,0,,9,0.0,3,0.0,0,,0,,2,0.0,0,,0,,1,0.0,0,,1,0.0,0,,0,,0,,0,,0,,0,,2,0.0,0,,0,,0,,0,,0,,0,,0,
Sri Pada / Adam's Peak,1,0.0,108,0.056,0,,0,,0,,0,,2,-0.5,8,-0.125,26,-0.231,0,,0,,2,-0.5,0,,47,-0.234,1,1.0,33,-0.03,2,0.5,51,0.255,3,-0.333,10,0.0,12,0.25,0,,0,,0,,0,,8,-0.75,0,,1,1.0,1,-1.0,3,0.333,26,-0.423,7,-0.143,1,1.0,8,0.375,5,-0.4,16,0.125,0,,3,-0.333,6,0.0,9,-0.111,13,-0.154,97,-0.062,7,0.143,10,-0.3,0,,0,,349,-0.143,0,,6,-0.167,1,-1.0,2,-0.5,55,0.127,0,,0,,15,0.2,4,0.25,0,,1,1.0
St Benedict's Monastery - Adisham,0,,14,0.0,0,,0,,0,,0,,1,1.0,1,0.0,5,0.4,0,,0,,0,,0,,0,,0,,29,0.207,0,,5,0.2,1,-1.0,2,0.0,0,,1,0.0,0,,0,,0,,0,,0,,0,,4,0.5,4,-0.25,1,-1.0,1,-1.0,0,,3,0.0,11,-0.091,1,1.0,0,,2,0.0,6,-0.167,1,0.0,0,,32,0.375,0,,2,-0.5,0,,4,0.25,1,1.0,0,,2,0.5,0,,13,0.077,9,0.222,0,,0,,12,0.25,0,,0,,0,
St Clair's Falls,0,,5,0.2,0,,0,,0,,0,,0,,0,,8,0.125,0,,0,,0,,0,,0,,0,,2,1.0,0,,4,0.25,1,-1.0,1,0.0,0,,0,,0,,0,,0,,0,,0,,0,,0,,8,0.625,2,0.0,4,0.25,1,1.0,16,0.25,1,0.0,0,,0,,0,,2,0.5,0,,0,,6,0.167,1,0.0,1,0.0,0,,2,0.0,12,0.083,0,,2,0.5,0,,0,,1,0.0,0,,3,0.0,3,0.333,15,0.133,0,,0,
St Lucia's Cathedral,0,,0,,0,,0,,0,,0,,0,,0,,0,,0,,0,,0,,0,,0,,0,,0,,0,,0,,0,,0,,0,,0,,0,,0,,0,,1,0.0,0,,0,,0,,7,0.571,0,,0,,0,,0,,0,,0,,0,,2,-1.0,4,0.0,0,,0,,0,,0,,0,,0,,0,,2,0.0,0,,0,,0,,0,,0,,0,,0,,2,0.0,0,,0,,0,
St. Mary's Church,0,,6,0.333,0,,0,,0,,0,,0,,0,,0,,0,,0,,1,1.0,0,,5,0.0,0,,4,0.25,0,,0,,0,,2,-0.5,0,,0,,0,,0,,0,,1,0.0,0,,1,0.0,2,0.0,7,0.429,0,,0,,0,,1,0.0,1,1.0,0,,0,,2,0.0,1,0.0,3,0.333,0,,5,0.2,0,,4,-0.25,0,,2,0.5,2,0.0,0,,0,,0,,0,,0,,0,,0,,10,0.4,0,,0,,0,
Statue of Parakramabahu I,0,,1,0.0,0,,0,,0,,0,,0,,3,0.667,0,,0,,0,,1,0.0,0,,0,,0,,0,,0,,0,,0,,1,0.0,0,,0,,0,,0,,0,,0,,0,,0,,0,,2,1.0,0,,0,,0,,0,,0,,0,,0,,0,,1,0.0,1,-1.0,1,0.0,0,,0,,1,0.0,0,,0,,0,,0,,0,,0,,3,-0.667,0,,0,,0,,0,,0,,0,,0,
Temple of the Sacred Tooth Relic,3,0.333,7,-0.143,0,,0,,0,,0,,0,,2,0.0,2,1.0,0,,0,,24,-0.042,0,,16,-0.062,0,,89,-0.056,0,,0,,1,1.0,43,0.163,0,,0,,0,,0,,0,,2,-0.5,3,-0.667,0,,5,0.2,10,-0.2,6,-0.167,0,,0,,4,0.75,0,,2,-0.5,0,,1,1.0,60,0.133,3,0.0,30,0.033,12,0.083,0,,11,0.0,0,,2,0.0,20,0.05,0,,10,-0.3,4,0.25,67,0.03,4,0.0,1,0.0,0,,4,-0.25,0,,0,,1,-1.0
Trincomalee Beach,0,,21,0.286,0,,0,,0,,3,0.667,0,,0,,1,1.0,0,,0,,1,0.0,0,,0,,0,,1,0.0,0,,1,1.0,1,1.0,3,0.0,0,,0,,0,,0,,2,0.0,0,,0,,0,,0,,1,1.0,0,,1,1.0,0,,8,0.25,0,,0,,0,,0,,3,0.333,0,,0,,0,,0,,0,,0,,0,,0,,0,,1,1.0,0,,0,,0,,1,1.0,0,,0,,0,,0,,0,
Trincomalee War Cemetery,0,,13,0.462,0,,0,,0,,0,,0,,2,0.0,0,,0,,0,,0,,0,,5,0.6,0,,4,0.25,0,,0,,0,,41,0.244,0,,1,-1.0,0,,0,,0,,0,,0,,0,,1,1.0,1,1.0,0,,0,,0,,1,0.0,2,0.5,0,,0,,2,0.0,5,0.6,1,-1.0,0,,1,0.0,0,,0,,0,,0,,2,0.0,0,,0,,0,,0,,0,,0,,0,,3,0.0,0,,0,,0,
Turtle Conservation Project Turtle Watch,2,-0.5,46,0.0,0,,0,,0,,0,,0,,2,0.0,1,1.0,0,,0,,0,,0,,32,0.062,0,,72,-0.056,0,,3,0.0,5,-0.2,46,0.109,0,,1,0.0,0,,0,,0,,4,-0.75,1,0.0,0,,2,0.5,1,0.0,0,,0,,0,,3,0.667,0,,4,-0.5,0,,3,-0.333,23,-0.217,0,,0,,2,0.0,1,0.0,4,0.5,0,,0,,2,-0.5,0,,2,-0.5,1,0.0,23,-0.13,0,,0,,0,,28,-0.107,0,,16,0.25,0,
Twin Baths (Kuttam Pokuna),0,,0,,0,,0,,0,,0,,0,,0,,0,,0,,0,,0,,0,,0,,0,,13,-0.077,0,,1,0.0,0,,6,0.167,0,,0,,0,,0,,0,,0,,0,,1,0.0,0,,1,0.0,1,1.0,2,0.0,0,,1,1.0,1,1.0,0,,0,,2,0.0,5,0.0,1,-1.0,0,,6,0.333,0,,0,,0,,2,0.0,20,-0.15,0,,0,,1,-1.0,8,-0.125,3,-0.667,0,,0,,2,-0.5,0,,0,,0,
Udawalawe National Park,0,,93,0.398,0,,0,,0,,0,,0,,4,-0.25,1,1.0,0,,0,,0,,0,,0,,0,,27,0.259,0,,11,0.545,1,1.0,124,0.524,0,,0,,17,0.118,0,,0,,3,0.667,0,,0,,5,0.4,1,0.0,0,,0,,0,,4,0.25,1,1.0,6,0.5,0,,4,0.25,1,1.0,1,0.0,0,,0,,3,0.0,2,0.0,0,,1,1.0,1,1.0,0,,19,0.579,1,0.0,17,0.0,3,0.333,0,,0,,0,,0,,2,0.0,0,
Unawatuna Beach,0,,47,0.043,0,,0,,0,,2,0.5,0,,1,0.0,19,0.421,0,,0,,1,0.0,0,,0,,0,,14,0.214,0,,3,0.333,1,1.0,2,-0.5,0,,1,0.0,0,,0,,1,0.0,0,,0,,0,,1,0.0,4,0.75,0,,1,-1.0,0,,71,0.324,1,0.0,0,,0,,2,0.5,1,0.0,2,-0.5,0,,8,0.125,2,1.0,3,0.0,0,,1,0.0,1,1.0,0,,4,-0.5,0,,0,,0,,0,,0,,15,0.0,0,,0,,0,
Uppuveli Beach,0,,35,0.171,0,,0,,0,,2,0.5,0,,0,,3,0.667,0,,0,,0,,0,,0,,0,,2,0.5,0,,1,1.0,0,,0,,0,,0,,0,,0,,3,-0.333,0,,0,,0,,0,,0,,0,,0,,0,,37,0.351,0,,0,,0,,0,,3,-0.333,0,,0,,0,,1,1.0,0,,0,,0,,0,,0,,2,0.5,0,,0,,0,,0,,0,,4,0.25,0,,0,,0,
Victoria Park of Nuwara Eliya,0,,15,0.4,0,,0,,1,1.0,1,1.0,4,0.25,7,-0.286,17,0.471,0,,0,,0,,0,,0,,1,1.0,133,0.226,0,,6,0.167,5,0.4,3,0.333,0,,1,0.0,0,,0,,0,,0,,0,,0,,3,0.0,6,0.667,8,0.25,7,0.143,0,,6,0.333,0,,2,1.0,0,,19,0.474,8,0.0,7,0.429,0,,8,0.375,1,1.0,7,-0.143,0,,0,,3,0.0,0,,0,,3,-0.667,32,-0.156,16,-0.062,0,,7,0.429,1,0.0,0,,0,,5,0.8
Viharamahadevi Park,2,0.5,9,0.444,0,,0,,1,0.0,3,0.333,16,0.125,3,0.333,17,0.471,0,,0,,0,,0,,3,0.0,7,0.286,18,0.222,0,,25,0.16,6,0.167,4,0.0,0,,0,,0,,0,,0,,4,-0.5,0,,0,,0,,15,0.2,37,0.514,2,0.5,1,1.0,10,0.0,1,-1.0,10,-0.4,0,,47,0.383,8,-0.125,54,0.463,0,,7,0.143,1,1.0,0,,0,,0,,1,0.0,0,,4,0.5,0,,3,0.333,18,0.222,0,,4,0.0,7,0.571,0,,0,,2,0.0
Visit Kanneliya Rain Forest,0,,10,0.1,0,,0,,0,,0,,1,0.0,1,1.0,2,-0.5,0,,0,,0,,0,,0,,0,,8,0.125,0,,5,0.2,2,1.0,16,0.25,0,,0,,0,,0,,0,,0,,0,,0,,0,,1,1.0,4,0.5,2,0.5,1,0.0,0,,2,-0.5,1,-1.0,0,,0,,1,1.0,2,0.5,0,,2,1.0,0,,0,,0,,0,,2,-1.0,0,,1,-1.0,1,0.0,9,0.444,2,0.0,0,,0,,1,1.0,1,0.0,0,,0,
Wasgamuwa National Park,0,,6,0.0,0,,0,,0,,0,,1,1.0,0,,2,-1.0,4,0.25,0,,0,,0,,0,,1,0.0,8,0.25,0,,0,,2,0.0,3,0.333,0,,0,,3,0.667,0,,0,,0,,0,,0,,0,,1,0.0,0,,1,-1.0,0,,0,,3,-0.667,0,,0,,0,,1,0.0,1,1.0,0,,1,-1.0,0,,0,,0,,0,,0,,0,,0,,0,,2,-0.5,4,-0.25,0,,0,,1,0.0,0,,0,,0,
Weherahena Buddhist Temple,0,,2,0.0,0,,0,,0,,0,,1,0.0,1,1.0,0,,0,,0,,0,,0,,16,-0.188,0,,18,0.111,0,,0,,0,,7,0.714,0,,0,,0,,0,,0,,0,,0,,0,,2,0.0,3,0.0,0,,3,0.333,0,,0,,0,,0,,0,,0,,1,0.0,0,,1,0.0,1,0.0,0,,1,0.0,0,,0,,5,0.6,0,,0,,0,,2,-0.5,0,,0,,0,,8,0.375,0,,0,,0,
Weligama Beach,0,,53,0.17,0,,0,,0,,0,,1,-1.0,0,,11,0.455,0,,0,,0,,0,,0,,0,,4,0.5,0,,4,0.75,0,,0,,0,,0,,0,,0,,1,-1.0,0,,0,,0,,0,,4,0.25,0,,0,,0,,35,0.229,2,0.0,0,,0,,1,-1.0,1,-1.0,3,0.333,0,,10,0.2,1,0.0,0,,0,,0,,2,0.0,3,0.333,1,-1.0,0,,0,,2,-0.5,2,0.0,0,,11,0.455,0,,0,,1,1.0
Wewurukannala Vihara,0,,3,0.333,0,,0,,0,,0,,0,,0,,0,,0,,0,,1,-1.0,0,,16,-0.125,0,,21,-0.095,0,,0,,0,,3,0.0,0,,0,,0,,0,,0,,0,,0,,0,,1,1.0,0,,0,,0,,0,,0,,1,1.0,0,,0,,1,1.0,0,,0,,2,0.0,1,0.0,0,,1,0.0,0,,0,,5,-0.4,0,,2,0.0,0,,5,-0.4,0,,0,,0,,6,0.333,0,,0,,0,
Whale Watching in Mirissa,0,,10,0.5,0,,0,,0,,4,0.5,0,,0,,0,,0,,0,,0,,0,,0,,1,1.0,6,0.333,0,,15,0.333,1,1.0,1,0.0,0,,0,,0,,0,,0,,0,,0,,0,,0,,0,,0,,1,-1.0,0,,0,,0,,0,,0,,5,0.0,0,,1,-1.0,0,,2,-0.5,0,,0,,0,,0,,0,,0,,1,0.0,0,,2,0.5,0,,14,0.643,0,,4,0.25,0,,0,,0,
Wilpattu National Park,1,0.0,40,0.175,0,,0,,0,,0,,1,0.0,4,-0.5,0,,2,0.0,0,,0,,0,,0,,5,-0.2,49,-0.041,0,,5,-0.4,4,0.25,29,0.483,0,,0,,25,0.24,0,,0,,2,0.0,0,,0,,1,1.0,3,0.0,1,0.0,1,0.0,5,0.0,3,-0.333,3,-0.667,0,,0,,7,0.714,1,0.0,6,0.167,0,,3,-1.0,0,,1,1.0,0,,2,-0.5,1,1.0,0,,16,-0.125,2,0.0,20,0.15,34,-0.088,1,0.0,0,,1,-1.0,1,1.0,0,,2,-1.0
Wolvendaal Church,0,,0,,0,,0,,0,,0,,0,,3,0.0,0,,0,,0,,0,,0,,18,-0.056,0,,6,0.333,0,,0,,0,,13,0.154,0,,0,,0,,0,,0,,1,1.0,0,,0,,0,,0,,0,,0,,0,,0,,0,,0,,0,,4,-0.25,0,,0,,0,,0,,0,,6,-0.167,0,,0,,0,,0,,1,1.0,0,,0,,0,,0,,0,,8,0.125,0,,0,,0,
Yala National Park,0,,13,-0.077,0,,0,,0,,0,,0,,0,,2,0.5,0,,0,,0,,0,,0,,0,,5,0.0,0,,1,-1.0,1,1.0,3,0.667,0,,0,,2,1.0,0,,0,,0,,0,,0,,0,,0,,0,,0,,1,-1.0,2,-0.5,4,0.0,0,,0,,0,,0,,0,,0,,0,,0,,0,,0,,0,,0,,0,,4,0.5,1,0.0,5,0.0,8,-0.25,0,,0,,0,,0,,0,,0,
Yapahuwa Rock Fortress,1,0.0,3,0.0,0,,0,,0,,0,,0,,1,-1.0,0,,0,,0,,0,,0,,0,,0,,5,0.4,0,,2,-0.5,0,,2,0.0,2,0.0,0,,0,,0,,0,,0,,0,,0,,1,0.0,2,0.5,4,-0.25,1,1.0,1,0.0,1,0.0,0,,0,,0,,0,,2,1.0,2,0.0,0,,0,,0,,1,0.0,0,,0,,94,-0.16,0,,2,0.5,1,0.0,2,0.0,3,0.0,0,,0,,2,0.0,0,,0,,0,
