poi_original,poi
Adam's Peak,Sri Pada / Adam's Peak
Adam's Peak Base Camp,Sri Pada / Adam's Peak
Adam's Peak Base Camp (Dulhoise),Sri Pada / Adam's Peak
Agra,
Ahangama,
Ahungala via Madu River and Turtle Hatchery,Madu River Safari by Buddhi
Ahungalla,
Airport,Negombo Beach
Airport/Colombo,Colombo Lotus Tower
Airport/Negombo,Negombo Beach
Alleppey,
Aluthgama,
Ambalangoda,Hikkaduwa Beach
Ambalangoda (Galle,Hikkaduwa Beach
Ambalangoda or Hikkaduwa,Hikkaduwa Beach
Ambalangoda via Galle and Balapitiya,Hikkaduwa Beach
Ambalangoda via Galle and Coastal Attractions,Hikkaduwa Beach
Ampara,
Anamaduwa,
Anuradhapura,Jaya Sri Maha Bodhi
Anuradhapura (Wilpattu National Park),Jaya Sri Maha Bodhi
Anuradhapura - Mihintale,Jaya Sri Maha Bodhi
Anuradhapura and back,Jaya Sri Maha Bodhi
Anuradhapura day excursion,Jaya Sri Maha Bodhi
Anuradhapura via Avukana Buddha Statue,Jaya Sri Maha Bodhi
Anuradhapura via Pinnawala,Jaya Sri Maha Bodhi
Anuradhapura via Wilpattu National Park,Jaya Sri Maha Bodhi
Arrival,
Arrival at Bandaranaike International Airport,Negombo Beach
Arrival at Bandaranayake International Airport,Negombo Beach
Arrival at Colombo,Colombo Lotus Tower
Arrival in Colombo,Colombo Lotus Tower
Arrival in Katunayaka,Negombo Beach
Arrival in Sri Lanka & Transfer,
Arugam Bay,Arugam Bay
Arugam Bay via Bundala,Yala National Park
Arugam Bay via Kumana,Kumana National Park
Arugam Bay via Little Adam's Peak and Ravana Falls,Little Adam's Peak View Point
Arugambay,Arugam Bay
Avukana - Anuradhapura,Jaya Sri Maha Bodhi
Backwaters,
Balapitiya,Madu River Safari by Buddhi
Balapitiya Beach,Madu River Safari by Buddhi
Balapitiya via Galle,Madu River Safari by Buddhi
Balapitiya),Madu River Safari by Buddhi
Bandaranaike International Airport,Negombo Beach
Bandaranaike International Airport Departure,Negombo Beach
Bandarawela,
Bandarawela via Horton Plains,Horton Plains National Park
Bandarawela via Tea Plantations,Ceylon Tea Museum
Batticaloa,Batticaloa Fort
Beach Area,
Belihuloya,
Benthota,
Bentota,Bentota Beach
Bentota - Galle Fort & Turtle Hatchery,Galle Dutch Fort
Bentota - Hikkaduwa,Hikkaduwa Beach
Bentota Beach,Bentota Beach
Bentota and Galle,Bentota Beach
Bentota and back,Bentota Beach
Bentota area,Bentota Beach
Bentota through Galle,Bentota Beach
Bentota via Galle,Bentota Beach
Bentota via Yala,Bentota Beach
Beruwala,
Beruwala and back,
Bogawanthalawa,
Bolgoda,
Bundala,Yala National Park
Bundala National Park,Yala National Park
Chilaw,
Colombo,Colombo Lotus Tower
Colombo & Departure,Colombo Lotus Tower
Colombo (Departure),Colombo Lotus Tower
Colombo - Colombo City Tour & Departure,Colombo Lotus Tower
Colombo Airport,Colombo Lotus Tower
Colombo Airport (Departure),Colombo Lotus Tower
Colombo Airport Departure,Colombo Lotus Tower
Colombo Bandaranayke International Airport,Colombo Lotus Tower
Colombo City Tour,Colombo Lotus Tower
Colombo Departure,Colombo Lotus Tower
Colombo International Airport,Colombo Lotus Tower
Colombo and Departure,Colombo Lotus Tower
Colombo departure,Colombo Lotus Tower
Colombo or Airport,Colombo Lotus Tower
Colombo via Galle,Colombo Lotus Tower
Colombo via Galle Fort,Galle Dutch Fort
Colombo/Airport,Colombo Lotus Tower
Colombo/Bandaranaike Airport,Negombo Beach
Colombo/Negombo,Colombo Lotus Tower
Colombo/Negombo Airport,Colombo Lotus Tower
Colombo/Negombo/Airport,Colombo Lotus Tower
Colombo/Negombo/Mount Lavinia,Colombo Lotus Tower
Colombo/Negombo/Mount Lavinia/Airport,Colombo Lotus Tower
Colombo/Negombo/Mount Lavinia/BIA Airport,Colombo Lotus Tower
Cultural Triangle,
Dalhousie,
Dambana Vedda Village and back,
Dambulla,Dambulla Cave Temple
Dambulla - Polonnaruwa,Ancient City of Polonnaruwa
Dambulla - Sigiriya,Sigiriya Lion Rock
Dambulla via Anuradhapura,Jaya Sri Maha Bodhi
Dambulla via Dambadeniya and Panduwasnuwara,Dambulla Cave Temple
Dambulla/Habarana,Dambulla Cave Temple
Dambulla/Sigiriya,Sigiriya Lion Rock
Delft and Nagadeepa,Nagadipa Purana Vihara
Delhi,
Departure,
Destination,
Digana,
Elkaduwa,
Ella,Ella Rock
Ella (by train),Ella Rock
Ella City,Ella Rock
Ella and Nine Arch Bridge,Nine Arches Bridge
Ella and Yala,Ella Rock
Ella area,Ella Rock
Ella by Scenic Train,Ella Rock
Ella by Train,Ella Rock
Ella by Train & Ella Exploration,Ella Rock
Ella via Nine Arch Bridge,Nine Arches Bridge
Ella via Nuwara Eliya,Gregory Lake
Ella via Tea Plantations and Train,Ella Rock
Felidhoo Island,
Frankfurt,
Fulidhoo,
Gal Oya,Gal Oya National Park
Gal Oya National Park,Gal Oya National Park
Galaha,
Galle,Galle Dutch Fort
Galle - Hikkaduwa,Hikkaduwa Beach
Galle and back,Galle Dutch Fort
Galle and return,Galle Dutch Fort
Galle/Hikkaduwa,Hikkaduwa Beach
Germany,
Giritale,
Habarana,
Habarana (Minneriya National Park),Minneriya National Park
Habarana via Minneriya National Park Safari,Minneriya National Park
Hambantota,Yala National Park
Hanguranketha,
Haputale,
Haputale by Train,
Haputhale,
Hatton,
Heeloya,
Heeloya Knuckles Range,Knuckles Mountain Range
Heeloya Village Trekking,
Hikkaduwa,Hikkaduwa Beach
Hikkaduwa - Galle,Hikkaduwa Beach
Hiriketiya,
Horton Plains,Horton Plains National Park
Horton Plains - Ella,Horton Plains National Park
Hotel,
Hunnas Falls,
Jaffna,Jaffna Fort
Jaipur,
Journey,
Kalametiya,
Kalpitiya,
Kalutara,Kalutara Bodhiya
Kandalama,
Kandapola - Pedro Tea Estate - Colombo,Colombo Lotus Tower
Kandy,Temple of the Sacred Tooth Relic
Kandy - Cultural Highlights,Temple of the Sacred Tooth Relic
Kandy - Hanthana,Temple of the Sacred Tooth Relic
Kandy through Matale,Temple of the Sacred Tooth Relic
Kandy via Dambulla,Dambulla Cave Temple
Kandy via Matale,Temple of the Sacred Tooth Relic
Kandy via Nuwara Eliya,Gregory Lake
Kandy via Pinnawala and Peradeniya,Pinnawala Elephant Orphanage
Kandy via Sigiriya,Sigiriya Lion Rock
Kandy via Sigiriya Lion Rock Fortress and Village Tour,Sigiriya Lion Rock
Kandy via Spice Garden,Temple of the Sacred Tooth Relic
Kandy with Cultural Stops,Temple of the Sacred Tooth Relic
Karauli/Dholpur,
Kataragama,Kataragama Temple
Kataragama - Yala National Park,Kataragama Temple
Katharagama,
Katunayaka,Negombo Beach
Katunayaka Airport,Negombo Beach
Kegalle,Galle Dutch Fort
Kithulgala,
Kithulgala and Adam's Peak,Sri Pada / Adam's Peak
Kitulgala,
Kitulgala & Adam's Peak,Sri Pada / Adam's Peak
Knuckles,Knuckles Mountain Range
Knuckles (Meemure Village),Knuckles Mountain Range
Knuckles Mountain Campsite,Knuckles Mountain Range
Knuckles Mountain Range,Knuckles Mountain Range
Knuckles Mountain Range (Heeloya Village Trek),Knuckles Mountain Range
Knuckles Mountains,Knuckles Mountain Range
Kochi,
Koggala,
Kollam,
Kosgoda,Kosgoda Sea Turtle Conservation Project
Kudawella,Ella Rock
Kumana,Kumana National Park
Kumana National Park,Kumana National Park
Kurunegala,
Loolkandura - Kandy,Temple of the Sacred Tooth Relic
Lunuganga and Beruwala Departure,
Maafushi,
Maafushi Island,
Maduru Oya,
Mahiyanganaya,
Maho,
Maldives,
Maldives (Male),
Male,
Male Airport,Negombo Beach
Malé,
Matale,
Matiari,
Meemure,
Meemure Village,
Midigama,
Mihintale,Mihintale
Minneriya,Minneriya National Park
Minneriya National Park,Minneriya National Park
Minneriya National Park - Dimbulagala/Knuckles Mountain Range,Minneriya National Park
Minneriya/Kaudulla,Minneriya National Park
Mirissa,Mirissa Beach
Mirissa - Galle,Mirissa Beach
Mirissa Beach,Mirissa Beach
Mirissa and Return,Mirissa Beach
Mirissa via Udawalawe National Park,Udawalawe National Park
Mirissa/Dickwella,Mirissa Beach
Mirissa/Hikkaduwa,Hikkaduwa Beach
Mirissa/Weligama,Weligama Beach
Mount Lavinia,Mount Lavinia Beach
Murshidabad,
Nallatanni,
Nallathanniya,
Nallathanniya (Adam's Peak Base),Sri Pada / Adam's Peak
Namal Uyana via Dambulla,Dambulla Cave Temple
Nanu Oya,
Negombo,Negombo Beach
Negombo (via Kitulgala),Negombo Beach
Negombo - Sigiriya Rock,Sigiriya Lion Rock
Negombo via Colombo,Colombo Lotus Tower
Negombo via Dambulla,Dambulla Cave Temple
Negombo/Colombo,Colombo Lotus Tower
New Delhi,
Next Destination,
Nilaveli,Nilaveli Beach
Nuwara Eliya,Gregory Lake
Nuwara Eliya (World's End Trek),Gregory Lake
Nuwara Eliya (by train),Gregory Lake
Nuwara Eliya - Little England,Gregory Lake
Nuwara Eliya - Train,Gregory Lake
Nuwara Eliya by Scenic Train,Gregory Lake
Nuwara Eliya by Train,Gregory Lake
Nuwara Eliya via Ella,Gregory Lake
Nuwara Eliya via Scenic Train,Gregory Lake
Nuwara Eliya via Train,Gregory Lake
Nuwaraeliya,Gregory Lake
Nuwera Eliya,Gregory Lake
Overnight Flight,
Pasikuda,Pasikudah Beach
Pasikudah,Pasikudah Beach
Passekudah,
Passikudah,Pasikudah Beach
Peradeniya,
Pidurangala Rock,Pidurangala Rock
Pinnawala,Pinnawala Elephant Orphanage
Pinnawela,Pinnawala Elephant Orphanage
Pinnawela Elephant Orphanage,Pinnawala Elephant Orphanage
Plassey,
Polannaruwa (via Sigiriya),Sigiriya Lion Rock
Polonnaruwa,Ancient City of Polonnaruwa
Polonnaruwa - Minneriya - Sigiriya,Ancient City of Polonnaruwa
Polonnaruwa and Habarana Cultural Show,Ancient City of Polonnaruwa
Polonnaruwa and Minneriya National Park,Ancient City of Polonnaruwa
Polonnaruwa and back,Ancient City of Polonnaruwa
Polonnaruwa day excursion,Ancient City of Polonnaruwa
Rambukkana,
Ranthambore,
Ratnapura,
Ridi Viharaya,
Ritigala,Ritigala Forest Monastery
Riverston,
Seeduwa,
Selected Destination,
Sigiriya,Sigiriya Lion Rock
Sigiriya - Habarana,Sigiriya Lion Rock
Sigiriya - Pinnawala,Pinnawala Elephant Orphanage
Sigiriya - Polonnaruwa - Minneriya,Ancient City of Polonnaruwa
Sigiriya Rock Fortress,Sigiriya Lion Rock
Sigiriya and Polonnaruwa,Ancient City of Polonnaruwa
Sigiriya and back,Sigiriya Lion Rock
Sigiriya via Dambulla,Sigiriya Lion Rock
Sigiriya via Minneriya National Park,Minneriya National Park
Sigiriya via Polonnaruwa,Ancient City of Polonnaruwa
Sigiriya via Wilpattu National Park,Sigiriya Lion Rock
Sigiriya/Dambulla,Sigiriya Lion Rock
Sigiriya/Habarana,Sigiriya Lion Rock
Sinharaja,Sinharaja Forest Reserve
Sinharaja Forest,Sinharaja Forest Reserve
Sinharaja Nature Reserve,Sinharaja Forest Reserve
Sinharaja Rain Forest,Sinharaja Forest Reserve
Sinharaja Rain Forest Trek,Sinharaja Forest Reserve
Sinharaja Rainforest,Sinharaja Forest Reserve
South Beach,
South Beach (Departure),
South Coast,
South Coast (Hikkaduwa),Hikkaduwa Beach
South Coast (Mirissa/Weligama),Weligama Beach
South Coast Beach,
South Male Atoll,
South Malé Atoll,
Southern Beach (Mirissa/Tangalle/Hikkaduwa),Hikkaduwa Beach
Southern Coast,
Southern Lowlands,
Sri Lanka,
Talalla,
Talalla Beach,
Tallala,
Tangalla,Goyambokka Beach
Tangalle,Goyambokka Beach
Tea Plantation,Ceylon Tea Museum
Tea Plantation and Scenic Train Journey,Ceylon Tea Museum
Thissamaharama,
Thissamaharamaya,
Thissamarama (Yala),Yala National Park
Tissamaharama,
Tissamaharama (Yala National Park),Yala National Park
Tissamaharama via Buttala,
Tissamaharama via Kataragama,Kataragama Temple
Tissamaharama via Yala National Park,Yala National Park
Tissanuware,
Transfer,
Trincomalee,Trincomalee Beach
Trincomalee via Anuradhapura,Jaya Sri Maha Bodhi
Uda Walawe,Udawalawe National Park
Udapusellawa - Kandapola - Nuwara Eliya,Gregory Lake
Udawalawa,
Udawalawa National Park,Udawalawe National Park
Udawalawe,Udawalawe National Park
Udawalawe (Bundala National Park),Udawalawe National Park
Udawalawe (via Ella),Udawalawe National Park
Udawalawe National Park,Udawalawe National Park
Udawalawe via Tissamaharama,Udawalawe National Park
Unawatuna,Unawatuna Beach
Unawatuna via Galle,Unawatuna Beach
Unawatuna via Mirissa,Unawatuna Beach
Varkala,
Vavuu Atoll,
Veyangoda,
Village Tour & Sigiriya Rock Fortress,Sigiriya Lion Rock
Wadduwa,
Waikkal,
Waikkala,
Wasgamuwa,Wasgamuwa National Park
Wasgamuwa National Park via Knuckles,Wasgamuwa National Park
Waskaduwa,
Watagoda - Kotagala - Hatton,
Weligama,Weligama Beach
Weligama - Mirissa,Weligama Beach
Weligama Bay,Weligama Beach
Weligama/Dickwella,Weligama Beach
Weligama/Mirissa,Weligama Beach
Wellawaya,Ella Rock
West Coast Beach,
Weyangoda,
Wilpattu,Wilpattu National Park
Wilpattu National Park,Wilpattu National Park
Wilpattu National Park Safari,Wilpattu National Park
Wilpattu via Anawilundawa,Wilpattu National Park
Yala,Yala National Park
Yala (Tissamaharama),Yala National Park
Yala - Scenic Train Ride,Yala National Park
Yala National Park,Yala National Park
Yala National Park & Evening Safari,Yala National Park
Yala National Park via Tissamahara,Yala National Park
Yala Region,Yala National Park
Yala through Tissamaharama,Yala National Park
Yala via Ravana Ella Falls,Ravana Ella Falls
Yala via Tissamaharama,Yala National Park
Yala/Thissamaharama,Yala National Park
Yala/Tissamaharama,Yala National Park
Yala/Udawalawe,Udawalawe National Park
Yapahuwa,Yapahuwa Rock Fortress
then,
