trip_id,order,poi
1,1,Negombo/Colombo
1,2,Sigiriya
1,3,Kandy
1,4,Nuwara Eliya
1,5,Ella
1,6,Tissamaharama
1,7,Mirissa
1,8,Colombo/Negombo/Airport
2,1,Negombo/Colombo
2,2,Sigiriya
2,3,Kandy
2,4,Nuwara Eliya
2,5,Ella
2,6,Tissamaharama
2,7,Mirissa
2,8,Colombo/Negombo Airport
3,1,Negombo
3,2,Anuradhapura
3,3,Dambulla
3,4,Kandy
3,5,Nuwara Eliya
3,6,Ella
3,7,Yala National Park
3,8,South Coast
4,1,Negombo
4,2,Sigiriya
4,3,Sigiriya
4,4,Kandy
4,5,Kandy
4,6,Nuwara Eliya
4,7,Haputale
4,8,Thissamaharama
4,9,Weligama
4,10,Bentota
4,11,Colombo
5,1,Nuwara Eliya
5,2,Udawalawe National Park
6,1,Colombo
6,2,Mirissa
6,3,Ella
6,4,Kandy
6,5,Sigiriya
6,6,Colombo Departure
7,1,Arrival in Colombo
7,2,Sigiriya
7,3,Kandy
7,4,Nuwara Eliya
7,5,Ella
7,6,Mirissa/Hikkaduwa
7,7,Galle
8,1,Airport
8,2,Dambulla
9,1,Colombo
9,2,Negombo
9,3,Sigiriya
9,4,Kandy
9,5,Nuwara Eliya
9,6,Kataragama
9,7,Bentota
9,8,Colombo
10,1,Kandy
10,2,Ella
10,3,Tissamaharama
10,4,Galle
11,1,Negombo
11,2,Sigiriya
11,3,Kandy
11,4,Nuwara Eliya
11,5,Ella
11,6,Udawalawe
11,7,Mirissa
11,8,Colombo
12,1,Negombo
12,2,Sigiriya
12,3,Kandy
12,4,Nuwara Eliya
12,5,Ella
12,6,Hikkaduwa
12,7,Colombo
13,1,Colombo
13,2,Sigiriya
13,3,Kandy
13,4,Ella
13,5,Tissamaharama
13,6,Mirissa
13,7,Colombo
14,1,Colombo
14,2,Negombo
14,3,Kandy
14,4,Nuwara Eliya
14,5,Udawalawe
14,6,Galle
14,7,Colombo
15,1,Sigiriya
15,2,Passikudah
15,3,Ella and Yala
16,1,Airport
16,2,Dambulla
16,3,Airport
17,1,Colombo
17,2,Dambulla
17,3,Kandy
17,4,Nuwara Eliya
17,5,Ella
17,6,South Coast
17,7,Colombo and Departure
18,1,Colombo
18,2,Negombo
18,3,Anuradhapura
18,4,Trincomalee
18,5,Polonnaruwa
18,6,Kandy
18,7,Nuwara Eliya
18,8,Ella
18,9,Yala
18,10,Hikkaduwa
18,11,Galle
18,12,Colombo
19,1,Negombo
19,2,Anuradhapura
19,3,Sigiriya
19,4,Dambulla
19,5,Kandy
19,6,Nuwara Eliya
19,7,Ella
19,8,Hikkaduwa
19,9,Galle
19,10,Colombo
20,1,Colombo
20,2,Negombo
20,3,Wilpattu
20,4,Kandy
20,5,Nuwara Eliya
20,6,Ella
20,7,Yala
20,8,South Coast
20,9,Colombo
21,1,Jaffna
21,2,Anuradhapura
21,3,Sigiriya
21,4,Kandy
21,5,Nuwara Eliya
21,6,Ella
21,7,South Coast
21,8,Colombo
22,1,Dambulla
22,2,Kandy
22,3,Nuwara Eliya
22,4,Ella
22,5,Galle
23,1,Arrival in Colombo
23,2,Dambulla
23,3,Nuwara Eliya
23,4,Ella
23,5,South Coast (Mirissa/Weligama)
23,6,Bentota
24,1,Arrival in Colombo
24,2,Dambulla
24,3,Kandy
24,4,Nuwara Eliya
24,5,Ella
24,6,Colombo and Departure
25,1,Colombo
25,2,Negombo
25,3,Dambulla
25,4,Anuradhapura
25,5,Sigiriya
25,6,Kandy
25,7,Nuwara Eliya
25,8,Kataragama
25,9,Bentota
25,10,Colombo
26,1,Colombo
26,2,Sigiriya
26,3,Kandy
26,4,Ella
26,5,Bentota
26,6,Colombo
27,1,Sigiriya
27,2,Kandy
27,3,Nuwara Eliya
27,4,Ella
27,5,Yala
27,6,Tangalle
27,7,Mirissa - Galle
27,8,Colombo
28,1,Colombo
28,2,Negombo
28,3,Anuradhapura
28,4,Sigiriya
28,5,Kandy
28,6,Nuwara Eliya
28,7,Ella
28,8,Tissamaharama
28,9,Mirissa
28,10,Colombo
28,11,Airport
29,1,Nuwara Eliya
29,2,Ella
30,1,Arrival in Colombo
30,2,Sigiriya
30,3,Kandy
30,4,Nuwara Eliya
30,5,Ella
30,6,Yala
30,7,Galle
31,1,Negombo
31,2,Anuradhapura
31,3,Sigiriya
31,4,Kandy
31,5,Nuwara Eliya
31,6,Yala
32,1,Colombo
32,2,Galle
32,3,Yala National Park
32,4,Nuwara Eliya
32,5,Kandy
32,6,Sigiriya
32,7,Chilaw
32,8,Colombo Departure
33,1,Airport
33,2,Kandy
34,1,Negombo
34,2,Anuradhapura
34,3,Sigiriya
34,4,Kandy
34,5,Nuwara Eliya
34,6,Bentota Beach
34,7,Colombo (Departure)
35,1,Negombo
35,2,Sigiriya
35,3,Kandy
35,4,Nuwara Eliya
35,5,Ella
35,6,Udawalawe
35,7,Yala
35,8,Mirissa
35,9,Colombo
36,1,Passikudah
36,2,Dambulla
36,3,Kandy
36,4,Nuwara Eliya
36,5,Yala
36,6,Colombo
37,1,Airport
37,2,Negombo
37,3,Dambulla
37,4,Nuwara Eliya
37,5,Ella
37,6,Yala
37,7,Colombo
37,8,Airport
38,1,Sigiriya Rock Fortress
38,2,Kandy
38,3,Ella and Nine Arch Bridge
38,4,Arugam Bay via Little Adam's Peak and Ravana Falls
38,5,Galle
39,1,Kandy
39,2,Habarana
39,3,Ella via Nuwara Eliya
39,4,Udawalawe
40,1,Colombo
40,2,Dambulla
40,3,Kandy
40,4,Nuwara Eliya
40,5,Yala
40,6,Bentota
40,7,Airport
41,1,Colombo
41,2,Kandy
41,3,Bentota
41,4,Galle and return
41,5,Colombo
42,1,Negombo
42,2,Sigiriya
42,3,Kandy
42,4,Nuwara Eliya
42,5,Yala
42,6,Mirissa
42,7,Colombo
43,1,Colombo
43,2,Weligama/Mirissa
43,3,Thissamaharama
43,4,Ella
43,5,Kandy
43,6,Sigiriya
43,7,Colombo
44,1,Kandy
44,2,Nuwara Eliya
45,1,Colombo
45,2,Negombo
45,3,Sigiriya - Pinnawala
45,4,Village Tour & Sigiriya Rock Fortress
45,5,Kandy - Cultural Highlights
45,6,Nuwara Eliya - Little England
45,7,Yala - Scenic Train Ride
45,8,Bentota - Galle Fort & Turtle Hatchery
45,9,Colombo - Colombo City Tour & Departure
46,1,Colombo
46,2,Habarana
46,3,Sigiriya
46,4,Kandy
46,5,Ella
46,6,Tissamaharama
46,7,Mirissa
46,8,Colombo
47,1,Colombo
47,2,Sigiriya
47,3,Nuwara Eliya
47,4,Yala
47,5,Galle
48,1,Negombo
48,2,Dambulla via Dambadeniya and Panduwasnuwara
48,3,Polonnaruwa and Habarana Cultural Show
48,4,Kandy via Sigiriya Lion Rock Fortress and Village Tour
48,5,Ella via Tea Plantations and Train
48,6,Mirissa via Udawalawe National Park
48,7,Ahungala via Madu River and Turtle Hatchery
48,8,Lunuganga and Beruwala Departure
49,1,Arrival in Colombo
49,2,Dambulla
49,3,Kandy
49,4,Nuwara Eliya
49,5,Yala
49,6,Hikkaduwa
49,7,Colombo and Departure
50,1,Tea Plantation and Scenic Train Journey
50,2,Ella
51,1,Colombo
51,2,Sigiriya
51,3,Kandy
51,4,Nuwara Eliya
51,5,Ella
51,6,Yala
51,7,South Coast (Hikkaduwa)
51,8,Colombo
52,1,Colombo
52,2,Habarana
52,3,Kandy
52,4,Nuwara Eliya
52,5,Beruwala
52,6,Colombo
53,1,Colombo
53,2,Negombo
53,3,Wilpattu National Park
53,4,Kandy
53,5,Nuwara Eliya
53,6,Haputale
53,7,Ella
53,8,Galle
53,9,Colombo
54,1,Negombo
54,2,Sigiriya
54,3,Kandy
54,4,Nuwara Eliya
54,5,Yala
54,6,Bentota
54,7,Bentota area
55,1,Negombo
55,2,Anuradhapura
55,3,Sigiriya via Polonnaruwa
55,4,Kandy
55,5,Nuwara Eliya
55,6,Haputale by Train
55,7,Tissamaharama
55,8,Bentota
55,9,Colombo & Departure
56,1,Colombo
56,2,Kandy
56,3,Nuwara Eliya
56,4,Yala National Park
56,5,Bentota and Galle
56,6,Colombo
57,1,Colombo
57,2,Negombo
57,3,Dambulla
57,4,Kandy
57,5,Nuwara Eliya
57,6,Yala
57,7,South Coast
57,8,Galle
57,9,Colombo
58,1,Colombo
58,2,Negombo
58,3,Sigiriya
58,4,Kandy
58,5,Nuwara Eliya
58,6,Haputale
58,7,Yala
58,8,South Coast
58,9,Colombo
59,1,Adam's Peak
59,2,Nuwara Eliya
59,3,Ella
60,1,Negombo
60,2,Sigiriya
60,3,Kandy
60,4,Nuwara Eliya
60,5,Udawalawe
60,6,Colombo
61,1,Colombo
61,2,Negombo
61,3,Kandy
61,4,Ella
61,5,Udawalawe
61,6,Talalla
61,7,Mirissa
61,8,Colombo
62,1,Negombo
62,2,Dambulla
62,3,Colombo
63,1,Colombo
63,2,Dambulla
63,3,Kandy
63,4,Nuwara Eliya
63,5,Bentota
64,1,Colombo
64,2,Negombo
64,3,Wilpattu National Park
64,4,Batticaloa
64,5,Kandy
64,6,Nuwara Eliya
64,7,Ella
64,8,Colombo
65,1,Colombo
65,2,Yala
65,3,Udawalawe
65,4,Sinharaja
65,5,Colombo
66,1,Negombo
66,2,Sigiriya
66,3,Kandy
66,4,Nuwara Eliya
66,5,Ella
66,6,Tissamaharama
66,7,Bentota and back
66,8,Colombo
66,9,Airport
67,1,Negombo
67,2,Anuradhapura
67,3,Trincomalee
67,4,Sigiriya
67,5,Kandy
67,6,Nuwara Eliya
67,7,Yala
67,8,Mirissa
67,9,Bentota
68,1,Colombo
68,2,Negombo
68,3,Dambulla
68,4,Anuradhapura
68,5,Sigiriya via Polonnaruwa
68,6,Kandy
68,7,Nuwara Eliya
68,8,Kataragama
68,9,Bentota via Galle
68,10,Colombo
69,1,Colombo
69,2,Negombo
69,3,Anuradhapura
69,4,Nuwara Eliya
69,5,Colombo
70,1,Kandy
70,2,Nuwara Eliya
70,3,Udawalawe National Park
70,4,Yala National Park
70,5,Colombo
71,1,Colombo
71,2,Kandy
71,3,Nuwara Eliya
71,4,Yala
71,5,Mirissa
71,6,Colombo
72,1,Arrival at Bandaranaike International Airport
72,2,Dambulla/Habarana
72,3,Kandy with Cultural Stops
72,4,Kitulgala
72,5,Ella
72,6,Yala/Tissamaharama
72,7,Galle/Hikkaduwa
72,8,Colombo
72,9,Bandaranaike International Airport Departure
73,1,Colombo
73,2,Dambulla - Sigiriya
73,3,Kandy
73,4,Nuwara Eliya
73,5,Ella
73,6,Yala
73,7,Mirissa
73,8,Benthota
73,9,Colombo
74,1,Colombo
74,2,Kandy
75,1,Colombo
75,2,Sigiriya
75,3,Nuwara Eliya
75,4,Ella
75,5,Galle
75,6,Colombo
76,1,Negombo
76,2,Anuradhapura
76,3,Sigiriya
76,4,Polonnaruwa
76,5,Kandy
76,6,Nuwara Eliya
76,7,Ella
76,8,Mirissa
76,9,Colombo
77,1,Negombo
77,2,Sigiriya
77,3,Kandy
77,4,Ella
77,5,Udawalawe
77,6,Unawatuna
78,1,Negombo
78,2,Anuradhapura
78,3,Sigiriya
78,4,Kandy
78,5,Koggala
78,6,Colombo
79,1,Nuwara Eliya
79,2,Colombo Airport
80,1,Negombo
80,2,Sigiriya
80,3,Digana
80,4,Kandy
80,5,Nuwara Eliya
80,6,Ella
80,7,Hikkaduwa
81,1,Colombo
81,2,Dambulla
81,3,Kandy
81,4,Ella
81,5,Negombo
82,1,Colombo
82,2,Sigiriya
82,3,Kandy
82,4,Nuwara Eliya
82,5,Colombo Airport
83,1,Sigiriya
83,2,Kandy
83,3,Nuwara Eliya
83,4,Ella
83,5,Yala
83,6,Southern Beach (Mirissa/Tangalle/Hikkaduwa)
84,1,Colombo
84,2,Sigiriya
84,3,Kandy
84,4,Nuwara Eliya
84,5,Ella
84,6,Yala/Udawalawe
84,7,Mirissa
84,8,Colombo via Galle
85,1,Colombo
85,2,Anuradhapura
85,3,Kandy
85,4,Nuwara Eliya
85,5,Mirissa
85,6,Galle
85,7,Colombo
86,1,Colombo
86,2,Negombo
86,3,Nuwara Eliya
86,4,Ella
86,5,Mirissa
86,6,Colombo
87,1,Colombo
87,2,Habarana
87,3,Kandy
87,4,Nuwara Eliya
87,5,Wadduwa
87,6,Bentota
87,7,Colombo
88,1,Negombo
88,2,Wilpattu National Park
88,3,Yala
89,1,Colombo
89,2,Sigiriya/Dambulla
89,3,Kandy
89,4,Nuwara Eliya
89,5,Ella
89,6,Unawatuna
89,7,Galle
89,8,Colombo
90,1,Negombo
90,2,Dambulla/Sigiriya
90,3,Kandy
90,4,Nuwara Eliya
90,5,Yala/Thissamaharama
90,6,Weligama/Mirissa
90,7,Bentota
90,8,Colombo
91,1,Negombo
91,2,Wilpattu
91,3,Habarana
91,4,Kandy
91,5,Nuwara Eliya
91,6,Ella
91,7,Udawalawa
91,8,Yala
91,9,South Beach
92,1,Colombo
92,2,Polonnaruwa
92,3,Kandy
92,4,Nuwara Eliya
92,5,Udawalawe National Park
92,6,Bentota
92,7,Beruwala
92,8,Colombo
93,1,Sigiriya
93,2,Dambulla
93,3,Polonnaruwa
93,4,Kandy
93,5,Nuwara Eliya
93,6,Ella
93,7,Tissamaharama
93,8,Yala National Park
93,9,Ahangama
93,10,Colombo
94,1,Arrival
94,2,Anuradhapura
95,1,Colombo
95,2,Kandy
95,3,Ella
95,4,Udawalawe National Park
95,5,Mirissa
95,6,Weligama
95,7,Bentota
96,1,Colombo
96,2,Negombo
96,3,Anuradhapura
96,4,Sigiriya
96,5,Polonnaruwa
96,6,Kandy
96,7,Nuwara Eliya
96,8,Ella
96,9,Mirissa
96,10,Colombo
97,1,Colombo
97,2,Weligama/Mirissa
97,3,Thissamaharamaya
97,4,Ella
97,5,Nuwara Eliya
97,6,Kandy
97,7,Sigiriya
97,8,Polonnaruwa
97,9,Colombo Airport
98,1,Negombo
98,2,Anuradhapura
98,3,Sigiriya
98,4,Kandy
98,5,Ella
98,6,Weligama
98,7,Colombo
99,1,Colombo
99,2,Kandy
99,3,Tea Plantation
99,4,Yala National Park
99,5,Galle
99,6,Colombo
99,7,Airport
100,1,Negombo
100,2,Riverston
100,3,Ella
100,4,Sinharaja Rainforest
100,5,Colombo Airport
101,1,Negombo
101,2,Kandy
101,3,Habarana
101,4,Anuradhapura
101,5,Colombo
102,1,Colombo
102,2,Negombo
102,3,Sigiriya
102,4,Kandy
102,5,Digana
102,6,Nuwara Eliya
102,7,Ella
102,8,Yala National Park
102,9,Mirissa
102,10,Galle
103,1,Colombo Airport
103,2,Colombo
103,3,Dambulla
103,4,Kandy
103,5,Ella
103,6,Yala
103,7,Mirissa
103,8,Galle
104,1,Arrival
104,2,Sigiriya
104,3,Kandy
104,4,Nuwara Eliya
104,5,Yala
104,6,Weligama
104,7,Bentota
104,8,Colombo City Tour
105,1,Colombo
105,2,Polonnaruwa
105,3,Kandy
105,4,Nuwara Eliya
105,5,Udawalawe National Park
105,6,Colombo
106,1,Negombo
106,2,Wilpattu National Park
106,3,Polonnaruwa
106,4,Kandy
106,5,Kitulgala
106,6,Hikkaduwa
106,7,Negombo
107,1,Airport
107,2,Negombo
107,3,Maho
107,4,Sigiriya
107,5,Colombo Airport
108,1,Colombo
108,2,Sigiriya
108,3,Kandy
108,4,Nuwara Eliya
108,5,Tissamaharama
108,6,Kalutara
108,7,Colombo
109,1,Negombo
109,2,Sigiriya
109,3,Kandy
109,4,Nuwara Eliya
109,5,Southern Lowlands
109,6,Udawalawe National Park
109,7,Kataragama
109,8,Koggala
109,9,Colombo
110,1,Negombo
110,2,Dambulla - Sigiriya
110,3,Kandy
110,4,Nuwara Eliya
110,5,Ella
110,6,Yala
110,7,Weligama - Mirissa
110,8,Bentota
110,9,Colombo
111,1,Colombo
111,2,Adam's Peak
111,3,Nuwara Eliya
111,4,Knuckles Mountain Range
111,5,Kandy
111,6,Colombo/Airport
112,1,Negombo
112,2,Anuradhapura
112,3,Dambulla/Sigiriya
112,4,Kandy
112,5,Kitulgala
112,6,Nuwara Eliya
112,7,Ella
112,8,Weligama/Mirissa
112,9,Galle and return
112,10,Colombo departure
113,1,Katunayaka
113,2,Polonnaruwa
113,3,Dambulla
113,4,Kandy
113,5,Nuwara Eliya
113,6,Yala
113,7,Bentota
113,8,Colombo
113,9,Airport
114,1,Negombo
114,2,Dambulla/Sigiriya
114,3,Trincomalee
114,4,Pasikuda
114,5,Dambulla
114,6,Kandy
114,7,Kitulgala
114,8,Nuwara Eliya
114,9,Ella
114,10,Yala
114,11,Weligama/Mirissa
114,12,Bentota
114,13,Colombo
115,1,Negombo
115,2,Anuradhapura - Mihintale
115,3,Polonnaruwa - Minneriya - Sigiriya
115,4,Kandy through Matale
115,5,Nuwara Eliya
115,6,Horton Plains - Ella
115,7,Yala through Tissamaharama
115,8,Mirissa
115,9,Bentota through Galle
115,10,Airport
116,1,Bentota
116,2,Galle
116,3,Yala National Park
116,4,Udawalawe National Park
116,5,Ella
116,6,Nuwara Eliya
116,7,Kandy
116,8,Dambulla
116,9,Trincomalee
116,10,Anuradhapura
116,11,Negombo
117,1,Negombo
117,2,Kandy
117,3,Nuwara Eliya
117,4,Ella
117,5,Mirissa
117,6,Galle
117,7,Colombo
118,1,Negombo
118,2,Kandy via Pinnawala and Peradeniya
118,3,Nuwara Eliya by Scenic Train
118,4,Ella by Scenic Train
118,5,Tissamaharama
118,6,Mirissa
118,7,Ambalangoda via Galle and Coastal Attractions
118,8,Negombo via Colombo
119,1,Negombo
119,2,Mirissa
119,3,Yala
119,4,Ella
120,1,Colombo
120,2,Negombo
120,3,Wilpattu National Park
120,4,Habarana
120,5,Kandy
120,6,Nuwara Eliya
120,7,Arugam Bay
120,8,Yala National Park
120,9,Bundala National Park
120,10,Sinharaja Rainforest
120,11,Galle
120,12,Colombo Airport
121,1,Colombo
121,2,Sigiriya
121,3,Kandy
121,4,Nuwara Eliya
121,5,Udawalawe (via Ella)
121,6,Mirissa
121,7,Colombo Airport
122,1,Negombo
122,2,Wilpattu National Park
122,3,Polonnaruwa
122,4,Sigiriya
122,5,Kandy
122,6,Colombo
123,1,Colombo
123,2,Sigiriya
123,3,Kandy
123,4,Yala
123,5,Unawatuna
123,6,Negombo
124,1,Colombo
124,2,Kandy
124,3,Dambulla
124,4,Polannaruwa (via Sigiriya)
124,5,Anuradhapura
124,6,Habarana
124,7,Colombo
125,1,Colombo
125,2,Ella
125,3,Nuwara Eliya
125,4,Kandy
125,5,Sigiriya
125,6,Colombo
126,1,Colombo
126,2,Kandy
126,3,Nuwara Eliya
126,4,Bentota
126,5,Colombo
127,1,Airport
127,2,Kurunegala
127,3,Polonnaruwa
127,4,Minneriya National Park
127,5,Kandy
127,6,Meemure
127,7,Nuwara Eliya
127,8,Ella
127,9,Tangalla
127,10,Mirissa
127,11,Colombo
128,1,Negombo
128,2,Kandy
128,3,Ella area
128,4,Udawalawe National Park
128,5,Unawatuna
129,1,Negombo
129,2,Knuckles
129,3,Adam's Peak
129,4,Ella
129,5,Mirissa
129,6,Colombo
130,1,Colombo
130,2,Kandy
130,3,Nuwara Eliya
130,4,Ella
130,5,Yala
130,6,Mirissa
130,7,Galle
130,8,Colombo
131,1,Colombo
131,2,Seeduwa
131,3,Colombo
132,1,Kandy
132,2,Ella
132,3,Udawalawe National Park
132,4,Hiriketiya
133,1,Airport
133,2,Negombo
133,3,Kandy
133,4,Heeloya Knuckles Range
133,5,Meemure
133,6,Nuwara Eliya
133,7,Horton Plains
133,8,Kithulgala and Adam's Peak
133,9,Colombo Airport
134,1,Colombo
134,2,Mirissa
134,3,Bentota
134,4,Colombo
135,1,Negombo
135,2,Dambulla
135,3,Polonnaruwa
135,4,Anuradhapura
135,5,Kandy
135,6,Nuwara Eliya
135,7,Ella
135,8,Yala
135,9,Galle
135,10,Colombo
136,1,Colombo
136,2,Habarana
136,3,Kandy
136,4,Nuwara Eliya
136,5,Ella
136,6,Yala
136,7,Galle
136,8,Colombo Airport
137,1,Weyangoda
137,2,Sigiriya
137,3,Anuradhapura
137,4,Kandy
137,5,Nuwara Eliya
137,6,Udawalawa
137,7,Sinharaja
137,8,Colombo
138,1,Arrival at Bandaranaike International Airport
138,2,Sigiriya
138,3,Adam's Peak
138,4,Nuwara Eliya
138,5,Ella by Train
138,6,Mirissa
139,1,Wilpattu
139,2,Trincomalee via Anuradhapura
139,3,Kandy
139,4,Ella
139,5,Airport/Colombo
140,1,Colombo
140,2,Dambulla
140,3,Kandy
140,4,Colombo
141,1,Colombo
141,2,Dambulla
141,3,Anuradhapura
141,4,Sigiriya
141,5,Kandy
141,6,Nuwara Eliya
141,7,Yala National Park
141,8,Ahungalla
141,9,Colombo
142,1,Colombo
142,2,Habarana
143,1,Arrival in Colombo
143,2,Negombo
143,3,Kandy
143,4,Nuwara Eliya
143,5,Ella
143,6,Bentota
144,1,Negombo
144,2,Chilaw
144,3,Anuradhapura via Wilpattu National Park
144,4,Jaffna
144,5,Trincomalee
144,6,Sigiriya via Minneriya National Park
144,7,Kandy via Dambulla
144,8,Nuwara Eliya by Train
144,9,Yala National Park
144,10,Galle
145,1,Negombo
145,2,Anuradhapura
145,3,Giritale
145,4,Sigiriya
145,5,Kandy
145,6,Dalhousie
145,7,Nuwara Eliya
145,8,Ella
145,9,Udawalawe
145,10,Koggala
145,11,Colombo
146,1,Negombo
146,2,Anuradhapura
146,3,Polonnaruwa
146,4,Dambulla
146,5,Sigiriya
146,6,Bandarawela
146,7,Haputale
146,8,Udawalawe
146,9,Mirissa
146,10,Galle
146,11,Colombo
147,1,Bentota
147,2,Colombo Bandaranayke International Airport
148,1,Colombo
148,2,Mirissa
148,3,Udawalawe
148,4,Colombo
149,1,Colombo
149,2,Dambulla/Sigiriya
149,3,Kandy
149,4,Nuwara Eliya
149,5,Unawatuna
149,6,Colombo
150,1,Colombo
150,2,Dambulla
150,3,Kandy
150,4,Unawatuna
150,5,Colombo
151,1,Arrival in Colombo
151,2,Negombo
151,3,Habarana
151,4,Kandy
151,5,Nuwara Eliya
151,6,Yala
151,7,Hikkaduwa
151,8,Colombo Departure
152,1,Anuradhapura
152,2,Wilpattu National Park
152,3,Jaffna
152,4,Trincomalee
152,5,Sigiriya
152,6,Kandy
152,7,Nuwara Eliya
152,8,Ella
152,9,Weligama/Dickwella
152,10,Bentota
152,11,Colombo Departure
153,1,Colombo
153,2,Kandy
153,3,Sigiriya
153,4,Colombo
154,1,Airport
154,2,Kandy
154,3,Nuwara Eliya
154,4,Mirissa
154,5,Colombo
154,6,Airport
155,1,Colombo
155,2,Sigiriya
155,3,Kandy
155,4,Nuwara Eliya
155,5,Udawalawe
155,6,Colombo Airport
156,1,Colombo
156,2,Sigiriya
156,3,Polonnaruwa
156,4,Kandy
156,5,Nuwara Eliya
156,6,Ella
156,7,Yala
156,8,Mirissa
156,9,Colombo
157,1,Colombo
157,2,Polonnaruwa
157,3,Kandy
157,4,Nuwara Eliya
157,5,Udawalawe National Park
157,6,Colombo
158,1,Colombo
158,2,Dambulla
158,3,Sigiriya
158,4,Kandy
158,5,Nuwara Eliya
158,6,Tissamaharama
158,7,Bentota via Yala
158,8,Colombo
159,1,Arrival in Colombo
159,2,Dambulla
159,3,Kandy
159,4,Colombo
160,1,Colombo
160,2,Anuradhapura
160,3,Kandy
160,4,Nuwara Eliya
160,5,Bentota - Hikkaduwa
160,6,Bentota
160,7,Airport
161,1,Colombo
161,2,Negombo
161,3,Anuradhapura
161,4,Jaffna
161,5,Trincomalee
161,6,Nuwara Eliya
161,7,Udawalawe National Park
161,8,Colombo
162,1,Colombo
162,2,Sigiriya
162,3,Kandy
162,4,Nuwara Eliya
162,5,Ella
162,6,Yala
162,7,Galle
162,8,Colombo
163,1,Negombo
163,2,Dambulla/Sigiriya
163,3,Kandy
163,4,Nuwara Eliya
163,5,Ella
163,6,Yala/Thissamaharama
163,7,Mirissa/Weligama
163,8,Bentota via Galle
163,9,Colombo (Departure)
164,1,Arrival
164,2,Sigiriya
164,3,Polonnaruwa
164,4,Kandy
164,5,Nuwara Eliya
164,6,Colombo
165,1,Colombo
165,2,Bentota
165,3,Galle
165,4,Mirissa
165,5,Tangalle
165,6,Negombo
166,1,Colombo
166,2,Pinnawala
166,3,Nuwara Eliya
166,4,Udawalawa
166,5,Colombo
167,1,Airport
167,2,Negombo
167,3,Kandy
167,4,Nanu Oya
167,5,Horton Plains
167,6,Ella (by train)
167,7,Yala
167,8,Mirissa
167,9,Balapitiya
167,10,Colombo
167,11,Colombo Airport (Departure)
168,1,Negombo
168,2,Wilpattu National Park
168,3,Anuradhapura
168,4,Nuwara Eliya
169,1,Negombo
169,2,Dambulla
169,3,Kandy
169,4,Nuwara Eliya
169,5,Udawalawe
169,6,Mirissa
169,7,Galle
170,1,Arrival at Bandaranaike International Airport
170,2,Sigiriya
170,3,Adam's Peak
170,4,Nuwara Eliya
170,5,Ella
170,6,Tissamaharama
170,7,Mirissa
170,8,Galle
171,1,Colombo/Negombo
171,2,Ella
171,3,Colombo/Negombo
172,1,Colombo
172,2,Kandy
172,3,Nuwara Eliya
172,4,Yala
172,5,Mirissa
172,6,Colombo
173,1,Airport
173,2,Kandy
173,3,Dambulla
173,4,Trincomalee
173,5,Arugam Bay
173,6,Yala National Park
173,7,Colombo
174,1,Negombo
174,2,Sigiriya
174,3,Kandy
174,4,Bandarawela
174,5,South Beach
174,6,Colombo and Departure
175,1,Colombo
175,2,Negombo
175,3,Kandy
175,4,Colombo
176,1,Colombo
176,2,Udawalawe
176,3,Kandy
176,4,Colombo Airport
177,1,Colombo
177,2,Sinharaja
177,3,Udawalawe National Park
177,4,Bundala
177,5,Mirissa
177,6,Kosgoda
178,1,Colombo
178,2,Anuradhapura
178,3,Udawalawe National Park
179,1,Negombo
179,2,Chilaw
179,3,Ritigala
179,4,Dambulla
179,5,Sigiriya
179,6,Hatton
179,7,Bogawanthalawa
179,8,Kataragama
179,9,Hambantota
179,10,Galle
179,11,Colombo
180,1,Anuradhapura
180,2,Trincomalee
180,3,Polonnaruwa
180,4,Kandy
180,5,Adam's Peak Base Camp
180,6,Nuwara Eliya
180,7,Yala
180,8,Hiriketiya
180,9,Unawatuna
180,10,Colombo
181,1,Dambulla
181,2,Sigiriya
181,3,Kandy
181,4,Dalhousie
181,5,Belihuloya
181,6,Sinharaja Rainforest
181,7,Koggala
181,8,Colombo
182,1,Colombo
182,2,Habarana
182,3,Kandy
182,4,Nuwara Eliya
182,5,Hikkaduwa
182,6,Colombo Airport
183,1,Negombo
183,2,Kandy
183,3,Nuwara Eliya
183,4,Galle
183,5,Colombo
184,1,Colombo
184,2,Galle
184,3,Mirissa
184,4,Negombo
185,1,Colombo
185,2,Dambulla
185,3,Kandy
185,4,Nuwara Eliya
185,5,Yala
186,1,Kandy
186,2,Nuwara Eliya
186,3,Yala
186,4,Galle
186,5,Departure
187,1,Colombo
187,2,Sigiriya
187,3,Kandy
187,4,Nuwara Eliya
187,5,Negombo
188,1,Colombo
188,2,Kalutara
188,3,Nuwara Eliya
189,1,Negombo
189,2,Sigiriya
189,3,Minneriya National Park
189,4,Kandy
189,5,Nuwara Eliya
189,6,Unawatuna
189,7,Balapitiya
189,8,Colombo
189,9,Airport
190,1,Colombo
190,2,Kandy
190,3,Nuwara Eliya
190,4,Bentota
190,5,Galle and back
190,6,Colombo
190,7,Airport
191,1,Colombo
191,2,Negombo
191,3,Sigiriya
191,4,Kandy
191,5,Ella
191,6,Udawalawe
191,7,Tallala
191,8,Mirissa
191,9,Colombo
192,1,Colombo
192,2,Negombo
192,3,Wilpattu National Park
192,4,Gal Oya
192,5,Udawalawe
192,6,Yala
192,7,Colombo
193,1,Colombo
193,2,Sigiriya
193,3,Nuwara Eliya
193,4,Tissamaharama
193,5,Mirissa
193,6,Colombo
194,1,Colombo
194,2,Avukana - Anuradhapura
194,3,Colombo
195,1,Colombo
195,2,Chilaw
195,3,Anuradhapura
195,4,Jaffna
195,5,Trincomalee
195,6,Passekudah
195,7,Colombo
196,1,Colombo
196,2,Habarana
196,3,Maduru Oya
196,4,Hanguranketha
196,5,Knuckles
196,6,Nuwara Eliya
196,7,South Beach (Departure)
197,1,Colombo
197,2,Negombo
197,3,Knuckles Mountain Range
197,4,Nallatanni
197,5,Nuwara Eliya
197,6,Ella
198,1,Colombo
198,2,Sigiriya
199,1,Colombo
199,2,Negombo
199,3,Dambulla
199,4,Anuradhapura
199,5,Sigiriya
199,6,Kandy
199,7,Nuwara Eliya
199,8,Kataragama
199,9,Bentota
199,10,Colombo
200,1,Colombo
200,2,Dambulla
200,3,Kandy
200,4,Nuwara Eliya
200,5,Beruwala
200,6,Colombo
201,1,Colombo
201,2,Rambukkana
201,3,Kandy
201,4,Gal Oya National Park
201,5,Passikudah
201,6,Sigiriya
201,7,Dambulla
201,8,Colombo
202,1,Colombo
202,2,Sigiriya
202,3,Kandy
202,4,Yala
202,5,Bentota
202,6,Colombo
203,1,Airport
203,2,Negombo
203,3,Pinnawala
203,4,Habarana
203,5,Sigiriya
203,6,Kandy
203,7,Nuwara Eliya
203,8,Udawalawe National Park
203,9,Yala National Park
203,10,Mirissa
204,1,Colombo
204,2,Negombo
204,3,Habarana
204,4,Anuradhapura
204,5,Kandy
204,6,Nuwara Eliya
204,7,Tissamaharama
204,8,Unawatuna
204,9,Ambalangoda
204,10,Negombo
204,11,Colombo Airport
205,1,Negombo
205,2,Cultural Triangle
205,3,Kandy
205,4,Nuwara Eliya
205,5,Ella
205,6,Galle
205,7,Bentota
205,8,Colombo
206,1,Colombo
206,2,Kandy
206,3,Nuwara Eliya
206,4,Hikkaduwa
206,5,Colombo
207,1,Colombo
207,2,Negombo
207,3,Kandy
207,4,Ella
207,5,Colombo
208,1,Colombo
208,2,Habarana
208,3,Kandy
208,4,Nuwara Eliya
208,5,Wadduwa
208,6,Colombo
209,1,Colombo
209,2,Tissamaharama
209,3,Colombo
210,1,Negombo
210,2,Sigiriya
210,3,Kandy
210,4,Kitulgala
210,5,Nuwara Eliya
210,6,Ella
210,7,Yala
210,8,Mirissa
210,9,Colombo
211,1,Colombo
211,2,Sinharaja
211,3,Udawalawe
211,4,Yala National Park
211,5,Mirissa
211,6,Colombo
212,1,Negombo
212,2,Dambulla
212,3,Ella
212,4,Udawalawe
213,1,Bolgoda
213,2,Sinharaja Nature Reserve
213,3,Udawalawe National Park
213,4,Bundala National Park
213,5,Nuwara Eliya via Ella
213,6,Kandy
213,7,Wasgamuwa National Park via Knuckles
213,8,Negombo
214,1,Negombo
214,2,Kandy
214,3,Ella area
214,4,Udawalawe National Park
214,5,Unawatuna
214,6,Mirissa
214,7,Kudawella
214,8,Kalametiya
214,9,Talalla Beach
214,10,Galle
214,11,Weligama Bay
215,1,Colombo
215,2,Galle
215,3,Yala National Park
215,4,Nuwara Eliya
215,5,Kandy
215,6,Sigiriya
215,7,Polonnaruwa day excursion
215,8,Anuradhapura day excursion
215,9,Chilaw
215,10,Colombo
216,1,Colombo
216,2,Udawalawe
216,3,Ella
216,4,Kandy
216,5,Sigiriya
216,6,Colombo
217,1,Negombo
217,2,Dambulla
217,3,Kandy
217,4,Nuwara Eliya
217,5,Yala
217,6,Galle
217,7,Colombo
218,1,Colombo
218,2,Negombo
218,3,Anuradhapura
218,4,Sigiriya
218,5,Polonnaruwa
218,6,Kandy
218,7,Nuwara Eliya
218,8,Ella
218,9,Yala
218,10,Mirissa
218,11,Colombo Airport
219,1,Negombo
219,2,Anuradhapura
219,3,Jaffna
219,4,Trincomalee
219,5,Dambulla
219,6,Kandy
219,7,Colombo
220,1,Colombo
220,2,Negombo
220,3,Kandy
220,4,Ella
220,5,Mirissa
220,6,Galle
220,7,Airport
221,1,Colombo
221,2,Sigiriya
221,3,Kandy
221,4,Ella
221,5,Bentota
221,6,Colombo (Departure)
222,1,Colombo
222,2,Kandy
222,3,Nuwara Eliya
222,4,Ella
222,5,Yala
222,6,Hiriketiya
222,7,Negombo
223,1,Colombo
223,2,Negombo
223,3,Sigiriya
223,4,Kandy
223,5,Dambana Vedda Village and back
223,6,Ella via Nuwara Eliya
223,7,Galle
223,8,Hikkaduwa
223,9,Colombo
224,1,Colombo
224,2,Negombo
224,3,Anuradhapura
224,4,Nuwara Eliya
224,5,Kataragama - Yala National Park
224,6,Colombo
225,1,Colombo
225,2,Negombo
225,3,Udawalawe
225,4,Ella
225,5,Nuwara Eliya
225,6,Kandy
225,7,Sigiriya
225,8,Trincomalee
225,9,Negombo - Sigiriya Rock
225,10,Colombo Airport
226,1,Airport
226,2,Negombo
226,3,Sigiriya
226,4,Polonnaruwa
226,5,Kandy
226,6,Nuwara Eliya
226,7,Yala National Park
226,8,Galle
226,9,Airport
227,1,Kandy
227,2,Nuwara Eliya
227,3,Ella
227,4,Galle
227,5,Colombo
228,1,Colombo
228,2,Nuwara Eliya
229,1,Negombo
229,2,Colombo
230,1,Colombo
230,2,Negombo
231,1,Transfer
231,2,Negombo
231,3,Pinnawala
231,4,Heeloya
231,5,Knuckles Mountain Range
231,6,Nuwara Eliya
231,7,Horton Plains
231,8,Kitulgala & Adam's Peak
231,9,Colombo Airport
232,1,Colombo
232,2,Yala
233,1,Arrival at Bandaranayake International Airport
233,2,Dambulla
233,3,Kandy
234,1,Airport
234,2,Galle
234,3,Sinharaja
234,4,Nuwara Eliya
234,5,Kandy
234,6,Sigiriya
235,1,Airport
235,2,Colombo
235,3,Kandy
235,4,Nuwara Eliya
235,5,Ella
235,6,Yala
235,7,Mirissa
235,8,Galle
235,9,Airport
236,1,Colombo
236,2,Negombo
237,1,Colombo
237,2,Dambulla
237,3,Nuwara Eliya
237,4,Colombo
238,1,Arrival in Colombo
238,2,Kandy
238,3,Nuwara Eliya
238,4,Colombo
239,1,Colombo
239,2,Negombo
240,1,Colombo
240,2,Negombo
240,3,Sigiriya
240,4,Kandy
240,5,Bentota
240,6,Colombo
241,1,Colombo
241,2,Nuwara Eliya
241,3,Colombo
242,1,Colombo
242,2,Sinharaja
242,3,Udawalawe
242,4,Yala
242,5,Mirissa
242,6,Colombo
243,1,Negombo
243,2,Kalpitiya
243,3,Anuradhapura
243,4,Tissamaharama
243,5,Udawalawe
243,6,Mirissa
243,7,Unawatuna
243,8,Ambalangoda
243,9,Colombo
244,1,Colombo
244,2,Dambulla
244,3,Colombo
245,1,Sigiriya
245,2,Kandy
245,3,Horton Plains
245,4,Ella
245,5,Udawalawa
245,6,Tangalle
246,1,Colombo
246,2,Kandy
246,3,Nuwara Eliya
246,4,Negombo
246,5,Airport
247,1,Colombo
247,2,Sinharaja
247,3,Udawalawe
247,4,Yala
247,5,Mirissa
247,6,Colombo
248,1,Colombo
248,2,Nuwara Eliya
248,3,Ella via Nine Arch Bridge
248,4,Haputale
248,5,Katharagama
248,6,Yala National Park
248,7,Arugam Bay
248,8,Unawatuna
248,9,Ahangama
248,10,Kitulgala
248,11,Colombo Airport
249,1,Colombo
249,2,Sigiriya
249,3,Ella
249,4,Udawalawe
249,5,Negombo
250,1,Colombo
250,2,Kandy
250,3,Nuwara Eliya
250,4,Bentota
250,5,Colombo
250,6,Airport
251,1,Colombo
251,2,Negombo
252,1,Arrival in Colombo
252,2,Negombo
252,3,Kalpitiya
252,4,Sigiriya via Wilpattu National Park
252,5,Negombo via Dambulla
252,6,Colombo (Departure)
253,1,Seeduwa
253,2,Kandy
253,3,Nuwara Eliya
253,4,Yala
253,5,Mount Lavinia
253,6,Colombo
254,1,Negombo
254,2,Sigiriya
254,3,Kandy
254,4,Nuwara Eliya
254,5,Bentota
254,6,Colombo
255,1,Colombo
255,2,Kandy
255,3,Colombo
256,1,Colombo
256,2,Bentota
256,3,Mirissa and Return
256,4,Galle
257,1,Colombo
257,2,Hikkaduwa
257,3,Midigama
257,4,Mirissa
257,5,Arugam Bay
257,6,Negombo
257,7,Colombo Departure
258,1,Colombo
258,2,Dambulla
258,3,Udawalawe
258,4,Weligama
258,5,Colombo
259,1,Arrival at Colombo
259,2,Sigiriya
259,3,Polonnaruwa
259,4,Anuradhapura
259,5,Kandy
259,6,Nuwara Eliya
259,7,Ella
259,8,Mirissa
259,9,Colombo Airport
260,1,Colombo
260,2,Kandy
260,3,Nuwara Eliya
260,4,Tissamaharama
260,5,Galle
260,6,Bandaranaike International Airport
261,1,Sinharaja
261,2,Yala
262,1,Colombo
262,2,Mirissa
262,3,Udawalawe via Tissamaharama
262,4,Yala National Park
262,5,Colombo and Departure
263,1,Waikkala
263,2,Dambulla
263,3,Polonnaruwa and Minneriya National Park
263,4,Kandy
263,5,Nuwara Eliya
263,6,Ella
263,7,Yala National Park
263,8,Galle
263,9,Colombo
264,1,Colombo
264,2,Sinharaja
264,3,Udawalawe
264,4,Yala
264,5,Nuwara Eliya
264,6,Colombo
265,1,Negombo
265,2,Kandy
265,3,Nuwara Eliya via Scenic Train
265,4,Tissamaharama via Buttala
265,5,Ambalangoda or Hikkaduwa
265,6,Colombo Airport
266,1,Colombo
266,2,Bentota
266,3,Galle
266,4,Udawalawe
266,5,Nuwara Eliya
267,1,Arrival at Bandaranaike International Airport
267,2,Kalpitiya
267,3,Sigiriya
267,4,Knuckles
267,5,Wellawaya
267,6,Yala
267,7,Galle
267,8,Bandaranaike International Airport
268,1,Negombo
268,2,Sigiriya
268,3,Kandy
268,4,Ella
268,5,Yala
268,6,Galle
268,7,Airport
269,1,Colombo
269,2,Sigiriya
269,3,Colombo or Airport
270,1,Colombo
270,2,Negombo
271,1,Wilpattu
271,2,Kandy via Spice Garden
271,3,Udawalawe
271,4,Yala
271,5,Mirissa
272,1,Airport
272,2,Habarana
272,3,Kandy
272,4,Nuwara Eliya
272,5,Colombo
273,1,Colombo
273,2,Sigiriya/Habarana
273,3,Kandy
273,4,Nuwara Eliya
273,5,Yala/Tissamaharama
273,6,Beach Area
273,7,Colombo
274,1,Arrival
274,2,Kandy
274,3,Nuwara Eliya
274,4,Ella
274,5,Colombo
275,1,Arrival at Colombo
275,2,Kegalle
275,3,Sigiriya
275,4,Kandy
275,5,Nuwara Eliya
275,6,Ella
275,7,Tissamaharama (Yala National Park)
275,8,Mirissa
275,9,Ambalangoda
275,10,Colombo
276,1,Colombo
276,2,Kandy
276,3,Nuwara Eliya
276,4,Wadduwa
276,5,Bentota
276,6,Colombo Airport
277,1,Colombo
277,2,Kitulgala
277,3,Nallathanniya (Adam's Peak Base)
277,4,Nuwara Eliya
277,5,Ella
277,6,Belihuloya
277,7,Colombo
278,1,Airport
278,2,Sigiriya
278,3,Kandy
278,4,Nuwara Eliya
278,5,Bentota
278,6,Colombo
278,7,Airport
279,1,Negombo
279,2,Anuradhapura
279,3,Jaffna
279,4,Trincomalee
279,5,Sigiriya
279,6,Kandy
279,7,Colombo
280,1,Arrival in Katunayaka
280,2,Sigiriya
280,3,Kandy
280,4,Bentota
280,5,Bandaranaike International Airport
281,1,Negombo
281,2,Sigiriya
281,3,Kandy
281,4,Nuwara Eliya
281,5,Unawatuna
281,6,Ambalangoda
281,7,Colombo
281,8,Airport
282,1,Negombo
282,2,Unawatuna
282,3,Udawalawe
282,4,Tissamaharama
282,5,Yala
282,6,Ella
282,7,Kandy via Nuwara Eliya
282,8,Colombo and Departure
283,1,Negombo
283,2,Sigiriya
283,3,Kandy
283,4,Nuwara Eliya
283,5,Kitulgala
283,6,Colombo Departure
284,1,Arrival in Sri Lanka & Transfer
284,2,Mirissa
284,3,Bentota
285,1,Yapahuwa
285,2,Sigiriya
285,3,Colombo/Airport
286,1,Kegalle
286,2,Kandy
286,3,Nuwara Eliya
286,4,Bentota
286,5,Colombo Airport
287,1,Colombo
287,2,Ambalangoda
287,3,Tissamaharama
287,4,Arugam Bay
287,5,Unawatuna
288,1,Colombo
288,2,Negombo
288,3,Kandy
288,4,Sigiriya
288,5,Nuwara Eliya
288,6,Yala
288,7,Ahungalla
288,8,Colombo
289,1,Colombo
289,2,Negombo
289,3,Sigiriya
289,4,Kandy
289,5,Nuwara Eliya
289,6,Yala
289,7,Colombo
290,1,Airport
290,2,Sigiriya
291,1,Colombo
291,2,Negombo
291,3,Sigiriya
291,4,Kandy
291,5,Nuwara Eliya
291,6,Southern Coast
292,1,Negombo
292,2,Sigiriya
292,3,Kandy
292,4,Bentota
292,5,Bentota
293,1,Kandy
293,2,Nuwara Eliya
293,3,Ella
293,4,Tissamaharama via Yala National Park
293,5,Udawalawe
293,6,Mirissa
294,1,Colombo
294,2,Negombo
294,3,Wilpattu National Park
294,4,Sigiriya
294,5,Nuwara Eliya
294,6,Ella
294,7,Tissamaharama
294,8,Galle
294,9,Hikkaduwa
294,10,Colombo
295,1,Negombo
295,2,Galle
295,3,Yala
295,4,Ella
295,5,Kandy
295,6,Dambulla
295,7,Polonnaruwa
295,8,Anuradhapura
295,9,Chilaw
295,10,Colombo
296,1,Kandy - Hanthana
296,2,Galaha
296,3,Loolkandura - Kandy
296,4,Watagoda - Kotagala - Hatton
296,5,Horton Plains
296,6,Udapusellawa - Kandapola - Nuwara Eliya
296,7,Kandapola - Pedro Tea Estate - Colombo
297,1,Colombo
297,2,Dambulla
297,3,Kandy
297,4,Nuwara Eliya
298,1,Colombo
298,2,Kandy
298,3,Nuwara Eliya
298,4,Bentota
298,5,Colombo
299,1,Negombo
299,2,Sigiriya
299,3,Kandy
299,4,Kitulgala
299,5,Nuwara Eliya
299,6,Yala
299,7,Colombo
300,1,Colombo
300,2,Negombo
300,3,Dambulla
300,4,Kandy
300,5,Ella
300,6,Yala National Park
300,7,Galle
300,8,Colombo
301,1,Negombo
301,2,Sigiriya
301,3,Kandy
301,4,Haputale
301,5,Colombo
302,1,Colombo
302,2,Negombo
302,3,Nuwara Eliya
302,4,Colombo
303,1,Colombo
303,2,Rambukkana
303,3,Peradeniya
303,4,Gal Oya
303,5,Passikudah
303,6,Polonnaruwa
303,7,Dambulla
303,8,Colombo
304,1,Colombo
304,2,Negombo
304,3,Dambulla
304,4,Kandy
304,5,Nuwara Eliya
304,6,Yala
304,7,Mirissa/Weligama
304,8,Bentota
304,9,Colombo
305,1,Colombo
305,2,Polonnaruwa
305,3,Kandy
305,4,Nuwara Eliya
305,5,Udawalawe National Park
305,6,Bentota
305,7,Beruwala and back
305,8,Colombo
306,1,Colombo
306,2,Dambulla
306,3,Nuwara Eliya
306,4,Udawalawe National Park
306,5,Colombo
306,6,Kalutara
306,7,Colombo
307,1,Colombo
307,2,Negombo
307,3,Kalpitiya
307,4,Sigiriya
307,5,Negombo
307,6,Colombo
308,1,Kandy
308,2,Nuwara Eliya
309,1,Colombo
309,2,Sigiriya
309,3,Kandy
309,4,Nuwara Eliya
309,5,Negombo
310,1,Colombo
310,2,Sigiriya
310,3,Kandy
310,4,Nuwara Eliya
310,5,Colombo
310,6,Airport
311,1,Negombo
311,2,Kandy
311,3,Kitulgala
311,4,Nuwara Eliya
311,5,Colombo Airport
312,1,Colombo
312,2,Negombo
312,3,Sigiriya
312,4,Habarana
312,5,Anuradhapura
312,6,Kandy
312,7,Nuwara Eliya
312,8,Tissamaharama
312,9,Balapitiya
312,10,Negombo
312,11,Colombo Airport
313,1,Seeduwa
313,2,Sigiriya
313,3,Nuwara Eliya
313,4,Galle
313,5,Colombo
314,1,Colombo
314,2,Dambulla
314,3,Nuwara Eliya
314,4,Colombo
315,1,Colombo
315,2,Galle
315,3,Kataragama
315,4,Nuwara Eliya
315,5,Kandy
315,6,Sigiriya
315,7,Trincomalee
315,8,Waikkal
315,9,Colombo
316,1,Colombo/Negombo/Mount Lavinia/BIA Airport
316,2,Kandy
316,3,Nuwara Eliya
316,4,Ella
316,5,Galle
316,6,Colombo/Airport
317,1,Colombo
317,2,Kitulgala
317,3,Meemure Village
317,4,Gal Oya National Park
317,5,Udawalawe National Park
317,6,Yala
317,7,Bentota
317,8,Colombo Airport
318,1,Colombo
318,2,Digana
318,3,Anamaduwa
318,4,Colombo
319,1,Colombo
319,2,Pasikudah
319,3,Colombo
320,1,Colombo/Negombo/Airport
320,2,Kalpitiya
320,3,Knuckles (Meemure Village)
320,4,Anamaduwa
320,5,Airport
321,1,Colombo
321,2,Mihintale
321,3,Kandy
322,1,Kitulgala
322,2,Ella
322,3,Belihuloya
322,4,Colombo
323,1,Colombo/Negombo/Mount Lavinia/Airport
323,2,Sigiriya
323,3,Trincomalee
323,4,Waikkal
323,5,Airport/Colombo
324,1,Colombo/Negombo/Mount Lavinia
324,2,Kandy
324,3,Dambulla
324,4,Negombo
324,5,Airport
325,1,Colombo
325,2,Sinharaja
325,3,Yala
325,4,Colombo
326,1,Galle
326,2,Ella
326,3,Galle
327,1,Colombo
327,2,Galle
328,1,Trincomalee
328,2,Colombo
329,1,Colombo
329,2,Negombo
329,3,Sigiriya
329,4,Kandy
329,5,Nuwara Eliya
329,6,Thissamarama (Yala)
329,7,Bentota
329,8,Colombo
329,9,Colombo International Airport
330,1,Arrival in Colombo
330,2,Negombo
330,3,Sigiriya
330,4,Anuradhapura
331,1,Colombo
331,2,Kandy
331,3,Nuwara Eliya
331,4,Ella
331,5,Tissamaharama
331,6,Bentota
331,7,Colombo
332,1,Colombo
332,2,Kandy
332,3,Nuwara Eliya
332,4,Colombo
333,1,Colombo
333,2,Kandy
333,3,Nuwara Eliya
333,4,Colombo
334,1,Negombo
334,2,Sigiriya
334,3,Kandy
334,4,Nuwara Eliya
334,5,Ella
334,6,Yala
334,7,Mirissa
334,8,Airport/Negombo
335,1,Negombo
335,2,Anuradhapura
335,3,Sigiriya
335,4,Minneriya/Kaudulla
335,5,Kandy
335,6,Nuwara Eliya
335,7,Ella
335,8,Mirissa/Weligama
335,9,Bentota
335,10,Colombo
336,1,Colombo
336,2,Habarana
336,3,Kandy
336,4,Nuwara Eliya
336,5,Ella
336,6,Yala
336,7,Hikkaduwa
336,8,Colombo
337,1,Colombo
337,2,Negombo
337,3,Kandy
337,4,Ella
337,5,Udawalawe
337,6,Colombo
338,1,Colombo
338,2,Sigiriya
338,3,Kandy
338,4,Nuwara Eliya
338,5,Tissamaharama
338,6,Mirissa
338,7,Colombo
339,1,Kandy
339,2,Nuwara Eliya
339,3,Colombo
340,1,Negombo
340,2,Sigiriya
340,3,Polonnaruwa
340,4,Anuradhapura
340,5,Kandy
340,6,Nuwara Eliya
340,7,Ella
341,1,Negombo
341,2,Wilpattu
341,3,Negombo
342,1,Colombo
342,2,Negombo
342,3,Sigiriya
342,4,Kandy
342,5,Nuwara Eliya
342,6,Colombo
343,1,Negombo
343,2,Wilpattu National Park
343,3,Habarana
343,4,Arugam Bay
343,5,Kataragama
343,6,Tangalle
343,7,Colombo
344,1,Colombo
344,2,Negombo
344,3,Kandy
344,4,Ella
344,5,Mirissa
344,6,Galle
344,7,Colombo
345,1,Colombo
345,2,Sinharaja
345,3,Tissamaharama
345,4,Nuwara Eliya
345,5,Kitulgala
345,6,Kandy
345,7,Sigiriya
345,8,Colombo/Airport
346,1,Colombo
346,2,Sigiriya
346,3,Kandy
346,4,Nuwara Eliya
346,5,Yala National Park
346,6,Bentota
346,7,Negombo
346,8,Colombo
347,1,Sigiriya
347,2,Kandy
347,3,Nuwara Eliya
347,4,Ella
347,5,Udawalawe
347,6,Talalla
347,7,Colombo
348,1,Negombo
348,2,Sigiriya
348,3,Anuradhapura and back
348,4,Polonnaruwa and back
348,5,Kandy
348,6,Nuwara Eliya
348,7,Ella
348,8,Yala
348,9,Mirissa
348,10,Colombo via Galle
348,11,Airport
349,1,Colombo
349,2,Negombo
349,3,Sigiriya
349,4,Nuwara Eliya
349,5,Ella
349,6,Galle - Hikkaduwa
350,1,Colombo
350,2,Kandy
350,3,Colombo
351,1,Colombo
351,2,Kandy
351,3,Nuwera Eliya
351,4,Yala
351,5,Bentota
351,6,Colombo
352,1,Katunayaka Airport
352,2,Kandy
352,3,Ella City
352,4,Arugambay
352,5,Pasikudah
352,6,Sigiriya
352,7,Katunayaka Airport
353,1,Kandy
353,2,Nuwara Eliya
353,3,Colombo
354,1,Colombo
354,2,Negombo
354,3,Kitulgala
354,4,Nuwara Eliya
354,5,Tissamaharama
355,1,Colombo
355,2,Sigiriya
355,3,Kandy
355,4,Nuwara Eliya
355,5,Ella
355,6,Yala
355,7,Bentota
356,1,Wilpattu National Park
356,2,Habarana
356,3,Negombo
356,4,Colombo
357,1,Negombo
357,2,Habarana
357,3,Sigiriya and back
357,4,Polonnaruwa
357,5,Dambulla via Anuradhapura
357,6,Kandy
357,7,Kitulgala
357,8,Nuwara Eliya
357,9,Bandarawela via Horton Plains
357,10,Ella
357,11,Yala National Park via Tissamahara
357,12,Udawalawa National Park
357,13,Balapitiya via Galle
357,14,Colombo
358,1,Colombo
358,2,Negombo
358,3,Kalpitiya
358,4,Sigiriya
358,5,Negombo
358,6,Colombo Airport
359,1,Colombo
359,2,Unawatuna
359,3,Katharagama
359,4,Yala National Park
359,5,Arugam Bay via Bundala
359,6,Kumana National Park
359,7,Unawatuna
359,8,Mirissa
359,9,Colombo Airport
360,1,Negombo
360,2,Sigiriya
360,3,Ella
361,1,Colombo
361,2,Kegalle
361,3,Kandy
361,4,Dambulla
361,5,Sigiriya
361,6,Anuradhapura
361,7,Polonnaruwa
361,8,Minneriya
361,9,Ritigala
361,10,Colombo
361,11,Bandaranaike International Airport
362,1,Negombo
362,2,Kalpitiya
362,3,Nilaveli
363,1,Kandy
363,2,Nuwara Eliya
363,3,Ella
363,4,Kithulgala
363,5,Colombo Airport
364,1,Colombo
364,2,Negombo
364,3,Kandy
364,4,Ella
364,5,Nuwara Eliya
364,6,Negombo
365,1,Arrival
365,2,Kalpitiya
365,3,Anuradhapura
365,4,Jaffna
365,5,Trincomalee
365,6,Sigiriya
365,7,Kandy
365,8,Nuwara Eliya
365,9,Yala
365,10,Bentota
366,1,Kalpitiya
366,2,Sigiriya
366,3,Kandy
366,4,Belihuloya
366,5,Yala
366,6,Bolgoda
367,1,Colombo
367,2,Dambulla
367,3,Kandy
367,4,Nuwara Eliya
367,5,Yala
367,6,Ahungalla
367,7,Colombo
368,1,Airport
368,2,Negombo
368,3,Habarana
368,4,Nuwara Eliya
368,5,Kithulgala
368,6,Colombo
368,7,Airport
369,1,Negombo
369,2,Kandy
369,3,Nuwara Eliya
369,4,Udawalawe
369,5,Tangalle
369,6,Mirissa
369,7,Galle
369,8,Colombo
370,1,Colombo
370,2,Kandy
370,3,Bentota
370,4,Colombo
371,1,Negombo
371,2,Dambulla
371,3,Polonnaruwa
371,4,Kandy
371,5,Hatton
371,6,South Coast Beach
371,7,Galle
371,8,Colombo
372,1,Negombo
372,2,Kitulgala
372,3,Nuwara Eliya
372,4,Haputale
372,5,Udawalawa
372,6,Weligama
373,1,Colombo
373,2,Kandy
373,3,Colombo
374,1,Colombo
374,2,Kandy
374,3,Nuwara Eliya
374,4,Hikkaduwa
374,5,Colombo Airport
375,1,Anuradhapura
375,2,Jaffna
375,3,Trincomalee
375,4,Habarana
375,5,Kandy
375,6,Nuwara Eliya
375,7,Ella
375,8,Unawatuna
375,9,Colombo
376,1,Colombo
376,2,Sigiriya
376,3,Kandy
376,4,Heeloya Village Trekking
376,5,Nuwara Eliya
376,6,Horton Plains
376,7,Tissamaharama
376,8,Mirissa
376,9,Unawatuna
377,1,Negombo
377,2,Sigiriya
377,3,Namal Uyana via Dambulla
377,4,Kandy
377,5,Knuckles Mountain Range (Heeloya Village Trek)
377,6,Nuwara Eliya
377,7,Horton Plains
377,8,then
377,9,Haputhale
377,10,Sinharaja Rainforest
377,11,Tissamaharama
377,12,Ambalangoda via Galle and Balapitiya
377,13,Colombo
378,1,Yala National Park
378,2,Colombo
379,1,Colombo
379,2,Dambulla - Polonnaruwa
379,3,Nuwara Eliya
379,4,Udawalawe National Park
379,5,Ratnapura
380,1,Colombo
380,2,Negombo
380,3,Sigiriya
380,4,Anuradhapura
380,5,Trincomalee
380,6,Pasikudah
380,7,Kandy
380,8,Nuwara Eliya
380,9,Yala
380,10,Mirissa
380,11,Galle
380,12,Colombo
381,1,Colombo
381,2,Bentota
381,3,Hikkaduwa
381,4,Galle
381,5,Mirissa
381,6,Yala
381,7,Ella
381,8,Nuwara Eliya
381,9,Kandy
381,10,Negombo
381,11,Airport
382,1,Colombo
382,2,Seeduwa
382,3,Sigiriya
382,4,Kandy
382,5,Nuwara Eliya
382,6,Kataragama
382,7,Galle
382,8,Colombo
383,1,Colombo
383,2,Galle
383,3,Yala National Park
383,4,Nuwara Eliya
383,5,Kandy
383,6,Sigiriya
383,7,Negombo
383,8,Colombo
384,1,Colombo
384,2,Negombo
384,3,Dambulla
384,4,Kandy
384,5,Nuwara Eliya
384,6,Haputale
384,7,Yala Region
384,8,Galle
384,9,Colombo
385,1,Negombo
385,2,Yapahuwa
385,3,Sigiriya
385,4,Kandy
385,5,Ahungalla
385,6,Ambalangoda
386,1,Colombo
386,2,Yala
386,3,Colombo
387,1,Kalpitiya
387,2,Wilpattu
387,3,Jaffna
387,4,Nilaveli
387,5,Sigiriya
387,6,Negombo
388,1,Colombo
388,2,Negombo
388,3,Sigiriya
388,4,Kandy
388,5,Ella
388,6,Udawalawe National Park
388,7,Tallala
388,8,Mirissa
388,9,Colombo
389,1,Colombo
389,2,Kegalle
389,3,Sigiriya
389,4,Habarana
389,5,Anuradhapura
389,6,Kandy
389,7,Ella
389,8,Tissamaharama
389,9,Udawalawe
389,10,Unawatuna
389,11,Ambalangoda
389,12,Colombo Airport
390,1,Airport
390,2,Kandy
390,3,Heeloya
390,4,Meemure Village
390,5,Nuwara Eliya
390,6,Horton Plains
390,7,Ella
390,8,Tissamaharama
390,9,Airport
391,1,Hotel
391,2,Kandy
391,3,Selected Destination
392,1,Colombo
392,2,Negombo
392,3,Kandy
392,4,Udawalawe National Park
392,5,Mirissa
393,1,Colombo
393,2,Ambalangoda
393,3,Unawatuna
393,4,Mirissa
393,5,Udawalawe
393,6,Tissamaharama
393,7,Yala
393,8,Arugam Bay via Kumana
393,9,Colombo
393,10,Airport
394,1,Colombo
394,2,Sigiriya
394,3,Kandy
394,4,Ella
394,5,Yala
394,6,Galle
394,7,Colombo
395,1,Negombo
395,2,Belihuloya
395,3,Yala
396,1,Colombo
396,2,Negombo
396,3,Kandy
396,4,Dambulla
396,5,Mihintale
396,6,Trincomalee
396,7,Pasikuda
396,8,Nuwara Eliya
396,9,Ella
396,10,Yala
396,11,Tangalle
396,12,Mirissa
396,13,Hikkaduwa
396,14,Bentota
397,1,Colombo
397,2,Negombo
397,3,Sigiriya
397,4,Polonnaruwa
397,5,Trincomalee
397,6,Jaffna
397,7,Anuradhapura
397,8,Kandy
397,9,Adam's Peak
397,10,Nuwara Eliya
397,11,Ella
397,12,Arugam Bay
397,13,Yala
397,14,Sinharaja Rain Forest
397,15,Mirissa
397,16,Colombo
397,17,Airport
398,1,Ella
398,2,Nuwara Eliya
398,3,Kandy
399,1,Negombo
399,2,Mirissa
399,3,Yala
399,4,Nuwara Eliya
399,5,Kandy
399,6,Negombo
400,1,Negombo
400,2,Sigiriya
400,3,Kandy
400,4,Nuwara Eliya
400,5,Bentota
401,1,Colombo
401,2,Kandy
401,3,Colombo
402,1,Delhi
402,2,Colombo
402,3,Sigiriya
402,4,Kandy
402,5,Galle
402,6,Colombo
403,1,Sigiriya
403,2,Kandy
403,3,Nuwara Eliya
403,4,Udawalawe National Park
403,5,Yala National Park
403,6,Bundala National Park
403,7,Kumana National Park
403,8,Balapitiya
404,1,Sigiriya
404,2,Anuradhapura
404,3,Wilpattu
404,4,Nilaveli
404,5,Trincomalee
404,6,Pasikuda
404,7,Kandy
404,8,Colombo
405,1,Colombo
405,2,Polonnaruwa
405,3,Kandy
405,4,Nuwara Eliya
405,5,Udawalawe National Park
405,6,Bentota
405,7,Beruwala
405,8,Colombo
406,1,Negombo
406,2,Sigiriya
406,3,Kandy
406,4,Nuwara Eliya
406,5,Ella
406,6,Yala
406,7,Hiriketiya
406,8,Bentota
406,9,Colombo
407,1,Colombo
407,2,Kandy
407,3,Nuwara Eliya
407,4,Bentota
407,5,Colombo
408,1,Colombo
408,2,Seeduwa
408,3,Sigiriya
408,4,Anuradhapura
408,5,Polonnaruwa
408,6,Kandy
408,7,Nuwara Eliya (by train)
408,8,Kataragama
408,9,Yala National Park
408,10,Galle
408,11,Colombo
409,1,Transfer
409,2,Yala National Park
410,1,Colombo
410,2,Kandy
410,3,Nuwara Eliya
410,4,Udawalawe
410,5,Tangalle
410,6,Mirissa
410,7,Galle
410,8,Hikkaduwa
410,9,Bentota
411,1,Colombo
411,2,Habarana
411,3,Kandy
411,4,Ella
411,5,Yala
411,6,Tangalle
411,7,Galle
411,8,Colombo Airport
412,1,Colombo
412,2,Negombo
412,3,Sigiriya
412,4,Kandy
412,5,Adam's Peak
412,6,Nuwara Eliya
412,7,Ella
412,8,Yala
412,9,Mirissa
412,10,Colombo Airport
413,1,Negombo
413,2,Yapahuwa
413,3,Sigiriya
413,4,Kandy
413,5,Colombo
414,1,Negombo
414,2,Sigiriya
414,3,Kandy
414,4,Ella
414,5,Udawalawe National Park
414,6,Unawatuna via Galle
414,7,Colombo
415,1,Colombo
415,2,Negombo
415,3,Sigiriya
415,4,Kandy
415,5,Nallathanniya
415,6,Nuwara Eliya
415,7,Ella
415,8,Tissamaharama
415,9,Galle
415,10,Colombo
416,1,Negombo
416,2,Kandy
416,3,Nuwara Eliya
416,4,Ella
416,5,Haputhale
416,6,Yala
416,7,Galle
417,1,Colombo
417,2,Negombo
417,3,Wilpattu National Park
417,4,Kumana National Park
417,5,Yala National Park
417,6,Colombo
418,1,Colombo
418,2,Negombo
418,3,Kandy
418,4,Ella
418,5,Tissamaharama
418,6,Hikkaduwa
418,7,Colombo
419,1,Arrival
419,2,Dambulla
420,1,Colombo
420,2,Habarana
420,3,Nuwara Eliya
420,4,Yala
420,5,Negombo
421,1,Colombo
421,2,Negombo
421,3,Kandy
421,4,Nuwara Eliya
421,5,Colombo
422,1,Airport
422,2,Nuwara Eliya
422,3,Ella by Train & Ella Exploration
422,4,Haputhale
422,5,Tissamaharama via Kataragama
422,6,Unawatuna
422,7,Colombo
423,1,Colombo
423,2,Sigiriya
423,3,Kandy
423,4,Nuwara Eliya
423,5,Thissamaharama
423,6,Mirissa
423,7,Bentota
423,8,Airport
424,1,Wilpattu National Park Safari
424,2,Sigiriya
425,1,Negombo
425,2,Kalpitiya
425,3,Anuradhapura (Wilpattu National Park)
425,4,Habarana (Minneriya National Park)
425,5,Sigiriya
425,6,Dambulla
425,7,Tissamaharama (Yala National Park)
425,8,Udawalawe (Bundala National Park)
425,9,Mirissa
425,10,Unawatuna
425,11,Ambalangoda (Galle
425,12,Ambalangoda
425,13,Balapitiya)
425,14,Colombo
426,1,Colombo
426,2,Ahungalla
426,3,Koggala
426,4,Mirissa
426,5,Udawalawe
426,6,Yala via Tissamaharama
426,7,Kumana
426,8,Arugam Bay
426,9,Colombo
427,1,Negombo
427,2,Anuradhapura via Pinnawala
427,3,Kandy via Sigiriya
427,4,Nuwara Eliya
427,5,Yala via Ravana Ella Falls
427,6,Mirissa
427,7,Colombo via Galle Fort
428,1,Veyangoda
428,2,Sigiriya
428,3,Trincomalee
428,4,Anuradhapura
428,5,Jaffna
428,6,Delft and Nagadeepa
428,7,Colombo
429,1,Aluthgama
429,2,Negombo
429,3,Bandaranaike International Airport
430,1,Colombo
430,2,Udawalawe
430,3,Galle
430,4,Colombo
431,1,Negombo/Colombo
431,2,Yala National Park
432,1,Sinharaja Rain Forest Trek
432,2,Uda Walawe
432,3,Tissamaharama
432,4,Tangalle
432,5,Negombo
433,1,Colombo/Negombo/Mount Lavinia
433,2,Nuwara Eliya
433,3,Kandy
434,1,Yala National Park
434,2,Selected Destination
435,1,Ampara
435,2,Gal Oya
436,1,Yala
436,2,Selected Destination
437,1,Yala National Park
437,2,Destination
438,1,Negombo/Colombo
438,2,Kitulgala
438,3,Negombo/Colombo
439,1,Kandy
439,2,Wasgamuwa
439,3,Kandy
440,1,Colombo
440,2,Negombo
440,3,Anuradhapura
440,4,Sigiriya
440,5,Kandy
440,6,Colombo
441,1,Colombo
441,2,Sinharaja
441,3,Next Destination
442,1,Colombo
442,2,Anuradhapura
442,3,Dambulla
442,4,Yala National Park
442,5,Kalutara
442,6,Colombo
443,1,Colombo
443,2,Galle
443,3,Yala National Park
443,4,Nuwara Eliya
443,5,Kandy
443,6,Sigiriya
443,7,Chilaw
443,8,Colombo
444,1,Colombo
444,2,Waskaduwa
444,3,Sinharaja
444,4,Udawalawa
444,5,Yala
444,6,Ella
444,7,Nuwara Eliya
444,8,Kitulgala
444,9,Colombo/Negombo/Airport
445,1,Negombo
445,2,Belihuloya
446,1,Colombo
446,2,Rambukkana
446,3,Kandy
446,4,Gal Oya
446,5,Passikudah
446,6,Sigiriya
446,7,Dambulla
446,8,Colombo
447,1,Colombo
447,2,Sigiriya
447,3,Colombo
448,1,Colombo
448,2,Negombo
448,3,Sigiriya
448,4,Kandy
448,5,Nuwara Eliya
448,6,Ella
448,7,Arugam Bay
448,8,Yala
448,9,Colombo
449,1,Negombo
449,2,Sinharaja Rainforest
449,3,Udawalawe
449,4,Ella
449,5,Nuwara Eliya (World's End Trek)
449,6,Adam's Peak
449,7,Negombo (via Kitulgala)
450,1,Negombo
450,2,Sigiriya
450,3,Hunnas Falls
450,4,Nuwara Eliya
450,5,Ella
450,6,South Beach
450,7,Colombo
451,1,Arrival
451,2,Kandy
451,3,Nuwara Eliya
451,4,Hikkaduwa
451,5,Colombo Departure
452,1,Negombo
452,2,Kalpitiya
452,3,Anuradhapura
452,4,Habarana
452,5,Sigiriya
452,6,Dambulla
452,7,Tissamaharama
452,8,Udawalawe
452,9,Mirissa
452,10,Ambalangoda
452,11,Colombo
453,1,Colombo
453,2,Sinharaja
453,3,Tissamaharama
453,4,Nuwara Eliya
453,5,Kitulgala
453,6,Negombo
454,1,Colombo
454,2,Kandy
454,3,Bandarawela via Tea Plantations
454,4,Balapitiya Beach
455,1,Colombo
455,2,Anuradhapura
455,3,Sigiriya
455,4,Kandy
455,5,Nuwara Eliya
455,6,Yala National Park
455,7,Mirissa
455,8,Hikkaduwa
455,9,Colombo
456,1,Colombo
456,2,Mahiyanganaya
456,3,Gal Oya
456,4,Colombo
457,1,Negombo
457,2,Colombo
457,3,Kandy
457,4,Nuwara Eliya
457,5,Ella
457,6,Tissamaharama
457,7,Departure
458,1,Colombo
458,2,Rambukkana
458,3,Kandy
458,4,Gal Oya
458,5,Pasikuda
458,6,Sigiriya
458,7,Dambulla
458,8,Colombo
459,1,Seeduwa
459,2,Sigiriya
459,3,Nuwara Eliya
459,4,Galle
459,5,Colombo
460,1,Colombo
460,2,Dambulla
460,3,Nuwara Eliya
460,4,Colombo
461,1,Colombo
461,2,Bentota
461,3,Sinharaja
461,4,Belihuloya
461,5,Ella
461,6,Nuwara Eliya
461,7,Kandy
461,8,Colombo
462,1,Negombo
462,2,Anuradhapura
462,3,Trincomalee
462,4,Habarana
462,5,Polonnaruwa
462,6,Kandy
462,7,Nuwara Eliya
462,8,Ella
462,9,Yala
462,10,Tangalle
462,11,Colombo
463,1,Galle
463,2,Airport
464,1,Sigiriya
464,2,Kandy
464,3,Nuwara Eliya
464,4,Ella
464,5,Tissanuware
464,6,Yala
464,7,Galle
464,8,Colombo
465,1,Colombo
465,2,Polonnaruwa
465,3,Kandy
465,4,Nuwara Eliya
465,5,Udawalawe
465,6,Bentota
465,7,Colombo
466,1,Kandy
466,2,Nuwara Eliya
466,3,Yala
466,4,Hikkaduwa
466,5,Colombo
467,1,Colombo
467,2,Seeduwa
467,3,Sigiriya
467,4,Nuwara Eliya
467,5,Galle
467,6,Colombo
467,7,Airport
468,1,Kandy
468,2,Nuwara Eliya
468,3,Colombo
469,1,Colombo
469,2,Negombo
470,1,Dambulla
470,2,Gal Oya
471,1,Negombo
471,2,Anuradhapura
471,3,Polonnaruwa
471,4,Sigiriya/Dambulla
471,5,Kandy
471,6,Adam's Peak Base Camp (Dulhoise)
471,7,Nuwara Eliya
471,8,Ella
471,9,Yala
471,10,Unawatuna
471,11,Negombo via Colombo
472,1,Sigiriya Rock Fortress
472,2,Kandy
472,3,Ella
472,4,Mirissa
473,1,Colombo
473,2,Negombo
473,3,Trincomalee
473,4,Polonnaruwa
473,5,Wilpattu National Park
473,6,Sigiriya
473,7,Kandy
473,8,Nuwara Eliya
473,9,Yala
473,10,Colombo
474,1,Colombo
474,2,Negombo
474,3,Sigiriya
474,4,Kandy
474,5,Nuwara Eliya
474,6,Ella
474,7,Yala
474,8,Mirissa
474,9,Galle
474,10,Hikkaduwa
474,11,Bentota
474,12,Colombo
474,13,Airport
475,1,Colombo
475,2,Ambalangoda
475,3,Unawatuna
475,4,Tissamaharama
475,5,Ella
475,6,Nuwara Eliya
475,7,Kandy
475,8,Habarana
475,9,Dambulla
475,10,Anuradhapura
475,11,Trincomalee
475,12,Anuradhapura
475,13,Negombo
476,1,Colombo
476,2,Sigiriya
476,3,Kandy
476,4,Nuwara Eliya
476,5,Yala
476,6,Galle
476,7,Colombo
477,1,Colombo
477,2,Negombo
477,3,Colombo
478,1,Colombo
478,2,Nuwara Eliya
478,3,Kataragama
478,4,Galle
478,5,Colombo
479,1,Kandy
479,2,Knuckles Mountain Campsite
479,3,Kandy
480,1,Colombo
480,2,Kandy
480,3,Colombo
481,1,Kandy
481,2,Mahiyanganaya
482,1,Colombo
482,2,Unawatuna
482,3,Udawalawa
482,4,Yala
482,5,Ella
482,6,Nuwara Eliya
482,7,Kandy
482,8,Sigiriya
482,9,Negombo
482,10,Colombo Airport
483,1,Colombo
483,2,Sinharaja
483,3,Kitulgala
484,1,Colombo/Negombo/Mount Lavinia
484,2,Sigiriya
484,3,Colombo/Negombo/Mount Lavinia/Airport
485,1,Colombo
485,2,Negombo
485,3,Haputale
485,4,Ella
485,5,South Coast Beach
485,6,Colombo Airport
486,1,Colombo
486,2,Sigiriya
486,3,Nuwara Eliya
486,4,Yala National Park
486,5,Galle
486,6,Maafushi
486,7,Maldives
486,8,Male
487,1,Negombo
487,2,Sigiriya
487,3,Habarana
487,4,Yapahuwa
487,5,Negombo
487,6,Bandaranaike International Airport
488,1,Colombo
488,2,Dambulla
488,3,Kandy
488,4,Nuwara Eliya
488,5,Haputale
488,6,Yala
488,7,Mirissa/Dickwella
488,8,Negombo
488,9,Maldives (Male)
488,10,Male
489,1,Negombo
489,2,Dambulla
489,3,Kandy
489,4,Nuwara Eliya
489,5,Ella
489,6,Colombo
489,7,Male
490,1,Negombo
490,2,Dambulla - Sigiriya
490,3,Minneriya National Park - Dimbulagala/Knuckles Mountain Range
490,4,Kandy
490,5,Hatton
490,6,Mirissa
490,7,Galle
490,8,Colombo
491,1,Colombo
491,2,Sigiriya
492,1,Negombo
492,2,Sigiriya
492,3,Kandy
492,4,Nuwara Eliya
492,5,Colombo
493,1,Colombo
493,2,Negombo
493,3,Sigiriya
493,4,Kandy
493,5,Nuwara Eliya
493,6,Kataragama
493,7,Bentota
493,8,Colombo
494,1,Negombo
494,2,Anuradhapura
494,3,Polonnaruwa
494,4,Sigiriya
494,5,Kandy
494,6,Nuwara Eliya
494,7,Airport
495,1,New Delhi
495,2,Agra
495,3,Ranthambore
495,4,Jaipur
495,5,New Delhi
495,6,Colombo
495,7,Sigiriya - Habarana
495,8,Yala (Tissamaharama)
495,9,Colombo Airport
496,1,Delhi
496,2,Agra
496,3,Karauli/Dholpur
496,4,Jaipur
496,5,Delhi
496,6,Colombo
496,7,Dambulla
496,8,Nuwara Eliya
496,9,Udawalawe National Park
496,10,Colombo
497,1,Dambulla
497,2,Kandy
497,3,Ella
497,4,Yala National Park
498,1,Negombo
498,2,Sigiriya
498,3,Kandy
498,4,Colombo
499,1,Colombo
499,2,Dambulla
499,3,Anuradhapura
499,4,Polonnaruwa
499,5,Kandy
499,6,Nuwara Eliya
499,7,Yala
499,8,Galle
499,9,Colombo
500,1,Negombo
500,2,Chilaw
500,3,Anuradhapura
500,4,Jaffna
500,5,Trincomalee
500,6,Sigiriya
500,7,Kandy
500,8,Nuwara Eliya
500,9,Yala National Park
500,10,Galle
501,1,Colombo
501,2,Negombo
501,3,Nuwara Eliya
501,4,Colombo
502,1,Delhi
502,2,Agra
502,3,Jaipur
502,4,Delhi
502,5,Sigiriya
502,6,Kandy
502,7,Nuwara Eliya
502,8,Ella
502,9,Yala
502,10,Mirissa Beach
502,11,Colombo
503,1,Sri Lanka
503,2,Maldives
504,1,Negombo
504,2,Chilaw
504,3,Anuradhapura
504,4,Jaffna
504,5,Trincomalee
504,6,Sigiriya
504,7,Kandy
504,8,Nuwara Eliya
504,9,Yala National Park
504,10,Galle
504,11,Colombo
505,1,Airport
505,2,Sigiriya
505,3,Kandy
505,4,Nuwara Eliya
505,5,Ella
505,6,Yala National Park
505,7,Mirissa
505,8,Colombo via Galle
506,1,Colombo
506,2,Sigiriya
506,3,Kandy
506,4,Nuwara Eliya
506,5,Yala
506,6,Bentota
506,7,Colombo (Departure)
507,1,Negombo
507,2,Sigiriya
507,3,Kandy
507,4,Nuwara Eliya
507,5,Ella
507,6,Udawalawa
507,7,Mirissa
507,8,Airport
508,1,Delhi
508,2,Jaipur
508,3,Agra
508,4,Delhi
508,5,Sigiriya
508,6,Kandy
508,7,Yala
508,8,Mirissa
508,9,Colombo
509,1,Chilaw
509,2,Backwaters
509,3,Giritale
509,4,Kandy
509,5,Kandy
509,6,Hikkaduwa
510,1,Negombo
510,2,Habarana
510,3,Trincomalee
510,4,Kandy
510,5,Nuwara Eliya
510,6,Bentota
510,7,Colombo
511,1,Kandy
511,2,Nuwara Eliya
512,1,Negombo
512,2,Wilpattu via Anawilundawa
512,3,Colombo Airport Departure
513,1,Colombo
513,2,Negombo
513,3,Sigiriya
513,4,Kandy
513,5,Nuwara Eliya
513,6,Kataragama
513,7,Bentota
513,8,Colombo
514,1,Colombo
514,2,Sigiriya
514,3,Minneriya
515,1,Colombo
515,2,Negombo
515,3,Sigiriya
515,4,Kandy
515,5,Nuwara Eliya
515,6,Ella
515,7,Yala
515,8,Mirissa
515,9,Galle
515,10,Colombo
516,1,Delhi
516,2,Agra
516,3,Jaipur
516,4,Delhi
516,5,Colombo
516,6,Pinnawela
516,7,Kandy
516,8,Nuwara Eliya
516,9,Tissamaharama
516,10,Beruwala
516,11,Airport
517,1,Colombo/Bandaranaike Airport
517,2,Sigiriya - Polonnaruwa - Minneriya
518,1,Colombo
518,2,Negombo
518,3,Nuwara Eliya
518,4,Colombo
519,1,Arrival
519,2,Sigiriya
519,3,Polonnaruwa
519,4,Anuradhapura
519,5,Trincomalee
519,6,Kandy
519,7,Nuwara Eliya
519,8,Ella
519,9,Yala
519,10,Mirissa
519,11,Airport
520,1,Arrival at Colombo
520,2,Kegalle
520,3,Sigiriya via Dambulla
520,4,Habarana via Minneriya National Park Safari
520,5,Anuradhapura via Avukana Buddha Statue
520,6,Kandy via Matale
520,7,Nuwara Eliya via Train
520,8,Tissamaharama
520,9,Unawatuna via Mirissa
520,10,Colombo Airport
521,1,Negombo
521,2,Sigiriya
521,3,Kandy
521,4,Nuwara Eliya
521,5,Yala National Park
521,6,South Coast
521,7,Galle
521,8,Colombo
522,1,Kochi
522,2,Alleppey
522,3,Kollam
522,4,Varkala
522,5,Kochi
522,6,Negombo
522,7,Sigiriya
522,8,Digana
522,9,Kandy
522,10,Nuwara Eliya
522,11,Ella
522,12,Hikkaduwa
523,1,Colombo
523,2,Negombo
523,3,Sigiriya/Dambulla
523,4,Kandy
523,5,Nuwara Eliya
523,6,Yala
523,7,Mirissa/Dickwella
523,8,Colombo
523,9,Maafushi Island
523,10,Maldives
523,11,Male Airport
524,1,Negombo
524,2,Habarana
524,3,Kandy
524,4,Kitulgala
524,5,Nuwara Eliya
524,6,Ella
524,7,Tissamaharama
524,8,Udawalawe
524,9,Mirissa
524,10,Balapitiya
525,1,Negombo
525,2,Wilpattu National Park
525,3,Anuradhapura
525,4,Habarana
525,5,Gal Oya National Park
525,6,Yala National Park
525,7,Colombo
525,8,Bandaranaike International Airport
526,1,Colombo
526,2,Habarana
526,3,Kandy
526,4,Ella
526,5,Yala
526,6,Tangalle
526,7,Galle
526,8,Colombo
527,1,New Delhi
527,2,Agra
527,3,Jaipur
527,4,New Delhi
527,5,Colombo
527,6,Polonnaruwa
527,7,Kandy
527,8,Nuwara Eliya
527,9,Udawalawe
527,10,Colombo
528,1,Negombo
528,2,Sigiriya
528,3,Digana
528,4,Kandy
528,5,Nuwara Eliya
528,6,Ella
528,7,Hikkaduwa
528,8,South Malé Atoll
528,9,Malé
529,1,Negombo
529,2,Chilaw
529,3,Wilpattu National Park
529,4,Jaffna
529,5,Trincomalee
529,6,Minneriya National Park
529,7,Polonnaruwa
529,8,Dambulla
529,9,Nuwara Eliya
529,10,Ella
529,11,Galle
529,12,Colombo
530,1,Colombo
530,2,Anuradhapura
530,3,Jaffna
530,4,Sigiriya
530,5,Kandy
530,6,Nuwara Eliya
530,7,Haputale
530,8,Ella
530,9,Yala
530,10,Galle
531,1,Negombo
531,2,Anuradhapura
531,3,Giritale
531,4,Kandy
531,5,Nuwara Eliya
531,6,Udawalawe
531,7,Galle
531,8,Colombo
531,9,Male
531,10,Vavuu Atoll
531,11,Fulidhoo
531,12,South Male Atoll
531,13,Male
532,1,Pinnawela Elephant Orphanage
532,2,Sigiriya
532,3,Kandy
532,4,Yala National Park & Evening Safari
533,1,Overnight Flight
533,2,Sri Lanka
533,3,Negombo
533,4,Dambulla
533,5,Sigiriya and Polonnaruwa
533,6,Knuckles Mountains
533,7,Kandy
533,8,Nuwaraeliya
533,9,Ella by Train
533,10,Yala
533,11,Galle
533,12,Bentota
533,13,Colombo Airport
534,1,Colombo
534,2,Departure
535,1,Colombo
535,2,Galle
535,3,Ella
535,4,Matale
535,5,Pidurangala Rock
535,6,Sigiriya
535,7,Ridi Viharaya
535,8,Colombo International Airport
536,1,Wilpattu National Park
536,2,Anuradhapura
536,3,Giritale
536,4,Sigiriya
536,5,Kandy
536,6,Nuwara Eliya
536,7,Ella
536,8,Udawalawe
536,9,Koggala
536,10,Colombo
536,11,Male
536,12,Vavuu Atoll
536,13,Felidhoo Island
536,14,South Male Atoll
536,15,Male
537,1,Journey
537,2,Sri Lanka
537,3,Dambulla
537,4,Elkaduwa
537,5,Kandy
537,6,Bandarawela
537,7,Udawalawe National Park
537,8,Kalutara
537,9,Sinharaja Forest
537,10,Colombo
538,1,Departure
538,2,Sri Lanka
538,3,Kandy
538,4,Dambulla
538,5,Passikudah
538,6,Nuwara Eliya
538,7,Udawalawe National Park
538,8,Colombo
538,9,Germany
539,1,Frankfurt
539,2,Colombo
540,1,Frankfurt
540,2,Colombo
540,3,Sigiriya
540,4,Kandy
540,5,Nuwara Eliya
540,6,West Coast Beach
540,7,Colombo
541,1,Matiari
541,2,Plassey
541,3,Murshidabad
541,4,Colombo
541,5,Kandalama
541,6,Nuwara Eliya
541,7,Tangalle
541,8,Galle
542,1,Airport
542,2,Negombo
542,3,Udawalawe
542,4,Tissamaharama
542,5,Mirissa
542,6,Colombo Airport
543,1,Polonnaruwa
543,2,Kandy
543,3,Nuwara Eliya
543,4,Yala
543,5,Colombo
544,1,Colombo
544,2,Sigiriya
544,3,Kandy
544,4,Nuwara Eliya
544,5,Colombo
545,1,Overnight Flight
545,2,Colombo
545,3,Anuradhapura
545,4,Jaffna
545,5,Trincomalee
545,6,Sigiriya
545,7,Kandy
545,8,Bandarawela
545,9,Tissamaharama
545,10,Kalutara
545,11,Frankfurt
546,1,Habarana
546,2,Sigiriya
546,3,Kandy
546,4,Nuwara Eliya
547,1,Colombo
547,2,Negombo
547,3,Dambulla
547,4,Bandarawela
547,5,Colombo
548,1,Airport
548,2,Negombo
548,3,Polonnaruwa
548,4,Sigiriya
548,5,Nuwara Eliya
548,6,Horton Plains
549,1,Colombo
549,2,Anuradhapura
549,3,Nuwara Eliya
549,4,Yala
549,5,Colombo
550,1,Colombo
550,2,Kandy
550,3,Nuwara Eliya
550,4,Colombo
551,1,Colombo
551,2,Kandy
551,3,Nuwara Eliya - Train
551,4,Colombo
552,1,Overnight Flight
552,2,Colombo
552,3,Colombo
553,1,Departure
553,2,Colombo
553,3,Chilaw
553,4,Kandy
553,5,Bandarawela
553,6,Hikkaduwa - Galle
553,7,Colombo
554,1,Colombo
554,2,Negombo
554,3,Anuradhapura
554,4,Jaffna
554,5,Habarana
554,6,Kandy
554,7,Bandarawela
554,8,Udawalawe National Park
554,9,Tissamaharama
554,10,Colombo
555,1,Colombo
555,2,Anuradhapura
555,3,Sigiriya
555,4,Polonnaruwa
555,5,Kandy
555,6,Nuwara Eliya
555,7,Yala
555,8,Galle
555,9,Colombo
556,1,Colombo
556,2,Ratnapura
556,3,Udawalawe National Park
556,4,Tissamaharama
556,5,Colombo
557,1,Colombo
557,2,Negombo
557,3,Dambulla
557,4,Bandarawela
557,5,Horton Plains
558,1,Colombo
558,2,Dambulla
558,3,Nuwara Eliya
558,4,Yala
559,1,Colombo
559,2,Negombo
559,3,Dambulla
559,4,Kandy
559,5,Bandarawela
559,6,Colombo
560,1,Airport
560,2,Habarana
560,3,Colombo
561,1,Colombo
561,2,Negombo
561,3,Sigiriya
561,4,Kandy
561,5,Nuwara Eliya
561,6,Colombo
562,1,Colombo
562,2,Kandy
562,3,Colombo
563,1,Colombo
563,2,Ratnapura
563,3,Udawalawe National Park
563,4,Tissamaharama
563,5,Colombo
564,1,Colombo
564,2,Negombo
564,3,Anuradhapura
564,4,Kandy
564,5,Nuwara Eliya
564,6,Yala
564,7,Colombo
