place_name,Beach_mentions,Sandy beach_mentions,Rocky beach_mentions,Sea_mentions,Waves_mentions,Lagoon_mentions,Lake_mentions,River_mentions,Waterfall_mentions,Coral reef_mentions,Mountain_mentions,Rock formation_mentions,Cave_mentions,Forest_mentions,Tea plantation_mentions,Viewpoint_mentions,Scenic view_mentions,Sunset view_mentions,Sunrise view_mentions,Wildlife_mentions,Elephants_mentions,Turtles_mentions,Whales_mentions,Dolphins_mentions,Birds_mentions,Leopards_mentions,Temple_mentions,Stupa_mentions,Buddha statue_mentions,Murals_mentions,Paintings_mentions,Sculptures_mentions,Cave temple_mentions,Ancient ruins_mentions,Fortress_mentions,Fort_mentions,Colonial architecture_mentions,Museum_mentions,Lighthouse_mentions,Church_mentions,Mosque_mentions,Hindu shrine_mentions,Heritage site_mentions,Entrance fee_mentions,Ticket price_mentions,Parking_mentions,Toilets_mentions,Changing rooms_mentions,Restaurants_mentions,Cafes_mentions,Shops_mentions,Market_mentions,Souvenir stalls_mentions,Accommodation_mentions,Guided tours_mentions,Local guide_mentions,Signage_mentions,Information boards_mentions,Road access_mentions,Public transport access_mentions,Stairs_mentions,Trail_mentions,Bridge_mentions,Boat service_mentions,Crowdedness_mentions,Cleanliness_mentions,Safety_mentions,Accessibility_mentions,Family friendliness_mentions,Peacefulness_mentions,Noise level_mentions,Service quality_mentions,Value for money_mentions,Food quality_mentions,Water clarity_mentions,Water depth_mentions,Strong current_mentions,Leeches_mentions,Weather condition_mentions,Beach_sentiment_score,Sandy beach_sentiment_score,Rocky beach_sentiment_score,Sea_sentiment_score,Waves_sentiment_score,Lagoon_sentiment_score,Lake_sentiment_score,River_sentiment_score,Waterfall_sentiment_score,Coral reef_sentiment_score,Mountain_sentiment_score,Rock formation_sentiment_score,Cave_sentiment_score,Forest_sentiment_score,Tea plantation_sentiment_score,Viewpoint_sentiment_score,Scenic view_sentiment_score,Sunset view_sentiment_score,Sunrise view_sentiment_score,Wildlife_sentiment_score,Elephants_sentiment_score,Turtles_sentiment_score,Whales_sentiment_score,Dolphins_sentiment_score,Birds_sentiment_score,Leopards_sentiment_score,Temple_sentiment_score,Stupa_sentiment_score,Buddha statue_sentiment_score,Murals_sentiment_score,Paintings_sentiment_score,Sculptures_sentiment_score,Cave temple_sentiment_score,Ancient ruins_sentiment_score,Fortress_sentiment_score,Fort_sentiment_score,Colonial architecture_sentiment_score,Museum_sentiment_score,Lighthouse_sentiment_score,Church_sentiment_score,Mosque_sentiment_score,Hindu shrine_sentiment_score,Heritage site_sentiment_score,Entrance fee_sentiment_score,Ticket price_sentiment_score,Parking_sentiment_score,Toilets_sentiment_score,Changing rooms_sentiment_score,Restaurants_sentiment_score,Cafes_sentiment_score,Shops_sentiment_score,Market_sentiment_score,Souvenir stalls_sentiment_score,Accommodation_sentiment_score,Guided tours_sentiment_score,Local guide_sentiment_score,Signage_sentiment_score,Information boards_sentiment_score,Road access_sentiment_score,Public transport access_sentiment_score,Stairs_sentiment_score,Trail_sentiment_score,Bridge_sentiment_score,Boat service_sentiment_score,Crowdedness_sentiment_score,Cleanliness_sentiment_score,Safety_sentiment_score,Accessibility_sentiment_score,Family friendliness_sentiment_score,Peacefulness_sentiment_score,Noise level_sentiment_score,Service quality_sentiment_score,Value for money_sentiment_score,Food quality_sentiment_score,Water clarity_sentiment_score,Water depth_sentiment_score,Strong current_sentiment_score,Leeches_sentiment_score,Weather condition_sentiment_score
Aberdeen Falls,0,3,0,0,0,0,1,5,26,0,4,7,0,3,0,4,5,0,0,0,0,0,0,0,0,0,0,0,1,0,0,1,0,0,0,0,0,0,0,0,0,0,0,0,1,2,1,0,0,1,1,0,0,0,0,0,1,0,13,3,5,10,2,0,2,2,6,1,4,3,1,1,0,0,0,4,2,5,2,,0.3333,,,,,0.0,0.4,0.6154,,0.25,-0.1429,,-0.3333,,0.0,0.6,,,,,,,,,,,,0.0,,,0.0,,,,,,,,,,,,,1.0,0.5,1.0,,,0.0,0.0,,,,,,0.0,,-0.0769,-0.3333,0.0,0.2,0.0,,-1.0,0.0,0.3333,1.0,0.5,1.0,-1.0,1.0,,,,0.0,0.5,-1.0,-1.0
Abhayagiri Dagaba,1,1,0,0,1,0,1,0,0,0,3,1,0,4,0,0,7,0,0,0,2,0,0,0,1,0,27,92,19,0,5,12,0,19,0,0,0,9,0,1,0,3,11,5,11,3,1,0,2,0,1,0,2,3,0,5,2,0,1,5,4,0,0,0,8,5,3,2,0,18,1,1,6,2,0,1,0,0,22,0.0,-1.0,,,1.0,,1.0,,,,0.3333,0.0,,0.5,,,0.0,,,,1.0,,,,1.0,,0.2222,0.3043,0.4211,,0.6,0.5,,0.3684,,,,0.1111,,0.0,,-0.3333,0.3636,0.2,-0.0909,-0.3333,0.0,,0.5,,0.0,,-0.5,0.0,,0.0,0.0,,0.0,-0.2,0.75,,,,-0.375,0.6,0.6667,1.0,,1.0,-1.0,1.0,0.3333,0.0,,0.0,,,-1.0
Ambewela Farms,0,0,0,1,0,0,6,0,4,0,34,0,0,0,3,0,103,0,0,73,0,0,0,0,0,0,0,0,0,0,0,0,0,1,0,0,0,0,0,0,0,0,0,17,51,2,10,0,28,6,24,2,1,4,2,12,4,0,28,4,2,3,0,0,13,39,1,2,82,3,1,19,16,19,0,0,0,0,45,,,,0.0,,,0.6667,,1.0,,0.5882,,,,0.6667,,0.7087,,,0.2877,,,,,,,,,,,,,,1.0,,,,,,,,,,0.1765,0.098,0.0,0.4,,0.2857,0.5,0.4167,0.5,0.0,-0.25,0.0,0.25,0.25,,0.1786,0.25,0.5,0.6667,,,-0.6154,0.6923,0.0,0.5,0.561,1.0,-1.0,0.3684,0.625,0.8421,,,,,-0.3111
Ambuluwawa Tower,0,0,0,3,0,0,0,0,0,0,26,2,1,0,1,2,75,0,0,0,0,0,0,0,1,0,10,3,0,0,1,0,0,0,0,0,0,0,0,7,6,8,0,6,12,3,3,0,1,4,4,0,1,0,0,0,0,0,7,22,33,3,0,0,12,5,12,0,6,7,0,3,9,1,0,1,0,0,6,,,,0.3333,,,,,,,0.5769,0.5,0.0,,1.0,1.0,0.68,,,,,,,,0.0,,0.4,0.3333,,,1.0,,,,,,,,,0.2857,0.3333,0.25,,0.0,0.1667,-0.3333,0.3333,,1.0,0.25,0.5,,0.0,,,,,,0.4286,0.0909,0.0606,0.0,,,-1.0,-0.2,-0.6667,,-0.3333,1.0,,-0.3333,-0.3333,-1.0,,1.0,,,-0.6667
Ancient City of Polonnaruwa,2,5,0,7,0,0,17,0,1,0,2,35,2,12,0,0,17,0,0,8,4,0,0,0,3,0,141,22,66,2,5,72,3,269,10,0,1,141,0,0,0,17,80,42,110,12,7,0,5,3,6,0,23,14,25,181,25,6,21,77,6,5,0,3,32,23,12,2,39,19,1,13,52,12,0,3,0,0,103,-0.5,-1.0,,-0.1429,,,0.1765,,0.0,,0.0,0.5714,0.5,0.5,,,0.5882,,,0.5,0.5,,,,1.0,,0.3262,0.5,0.4394,0.5,0.2,0.5278,0.0,0.5465,0.4,,0.0,0.2766,,,,0.1765,0.3625,-0.119,0.1,0.0,0.4286,,0.0,0.0,0.1667,,0.2609,0.3571,0.2,0.442,0.36,0.0,0.2381,0.3377,0.3333,0.4,,0.6667,-0.6562,0.4783,0.5,1.0,0.0513,1.0,-1.0,0.4615,-0.4615,0.25,,0.3333,,,-0.8738
Angurukaramulla Temple,9,0,0,0,0,1,0,1,0,0,1,1,1,0,0,0,5,0,0,2,0,3,0,0,1,0,150,5,49,15,40,60,1,4,0,2,0,1,0,4,0,8,3,10,16,1,0,0,0,0,1,4,1,7,5,25,9,2,1,27,0,0,0,1,7,7,2,2,7,27,0,3,16,0,0,2,0,0,5,0.4444,,,,,1.0,,1.0,,,0.0,1.0,1.0,,,,0.4,,,-0.5,,0.3333,,,0.0,,0.6467,0.4,0.5306,0.5333,0.525,0.6667,1.0,0.0,,0.0,,1.0,,0.5,,0.0,0.0,0.0,0.125,1.0,,,,,0.0,0.5,1.0,0.5714,0.6,0.4,0.4444,0.0,0.0,0.2593,,,,0.0,-0.4286,0.7143,1.0,1.0,0.4286,1.0,,0.3333,0.25,,,0.5,,,-0.4
Arugam Bay,234,30,0,42,163,15,2,1,2,4,19,16,1,4,0,1,27,13,17,12,25,1,0,0,8,4,6,0,1,0,1,1,0,1,0,0,1,0,2,0,1,1,0,0,53,2,9,0,88,10,37,6,0,87,0,2,5,0,31,52,2,10,6,18,53,53,29,2,30,37,8,43,53,98,1,1,6,0,30,0.5684,0.5333,,0.381,0.5828,0.5333,0.0,0.0,1.0,0.5,0.0,-0.125,0.0,0.0,,0.0,0.6667,0.8462,0.5294,0.5,0.28,0.0,,,0.25,0.5,0.1667,,0.0,,1.0,0.0,,1.0,,,0.0,,0.5,,1.0,0.0,,,0.2075,0.0,0.5556,,0.3523,0.5,0.3243,0.3333,,0.3793,,0.0,0.0,,0.2258,0.2885,1.0,0.4,0.3333,0.5,-0.6415,0.3208,0.2069,0.0,0.6667,0.8919,-1.0,0.6744,-0.0566,0.602,1.0,1.0,-0.1667,,-0.6
Bahiravokanda Vihara Buddha Statue,0,0,0,2,0,0,38,1,1,0,148,0,1,0,0,39,372,21,4,1,0,0,0,0,3,0,161,1,254,1,8,252,1,0,1,0,0,1,1,0,0,10,2,77,95,1,6,0,1,2,24,0,8,9,0,5,9,0,33,112,88,5,0,0,28,24,5,4,5,75,0,9,34,1,0,1,0,0,33,,,,0.0,,,0.6053,1.0,0.0,,0.3311,,0.0,,,0.5128,0.836,0.6667,0.5,0.0,,,,,0.3333,,0.5031,0.0,0.4803,1.0,0.75,0.5635,0.0,,0.0,,,1.0,0.0,,,0.4,0.5,0.1429,0.1263,0.0,0.0,,1.0,0.5,0.2917,,0.0,0.1111,,0.2,0.1111,,0.0303,0.1429,0.1477,0.0,,,-0.3214,0.0,0.2,0.75,0.2,1.0,,0.7778,0.4118,1.0,,0.0,,,-0.8182
Baker's Falls,0,0,0,0,0,0,0,2,103,0,5,8,0,5,1,5,27,0,0,0,2,0,0,0,0,0,0,0,0,0,0,0,0,0,0,1,0,0,0,0,0,0,0,3,3,2,1,0,0,0,0,0,0,2,0,1,3,0,2,1,17,33,0,0,7,4,5,3,5,2,2,0,7,0,1,1,0,0,13,,,,,,,,0.0,0.6505,,0.4,0.25,,0.2,0.0,0.0,0.3704,,,,0.0,,,,,,,,,,,,,,,0.0,,,,,,,,0.3333,0.0,0.5,1.0,,,,,,,0.0,,0.0,0.6667,,0.5,0.0,0.1765,0.303,,,-1.0,0.5,0.4,0.3333,0.0,1.0,-1.0,,0.4286,,1.0,0.0,,,-0.5385
Bambarakanda Falls,0,0,0,0,0,0,2,1,88,0,9,4,0,18,0,4,34,0,0,0,0,0,0,0,1,0,0,0,1,0,0,1,0,0,0,0,0,0,0,0,0,0,0,10,22,8,9,0,0,1,1,0,2,2,0,3,6,0,40,12,14,20,3,0,6,9,11,3,5,4,0,0,5,2,0,2,0,2,11,,,,,,,0.0,0.0,0.5,,0.2222,0.25,,0.3889,,0.25,0.6765,,,,,,,,0.0,,,,0.0,,,0.0,,,,,,,,,,,,0.2,0.2727,0.25,0.3333,,,0.0,0.0,,0.5,0.0,,-0.3333,0.1667,,0.225,0.1667,0.1429,0.1,0.3333,,-0.6667,0.7778,-0.1818,0.3333,0.2,1.0,,,0.2,0.0,,0.5,,-1.0,-0.8182
Batticaloa Fort,8,1,0,6,0,19,2,4,0,1,0,0,0,0,0,1,36,0,1,1,0,0,0,0,1,0,0,0,0,0,0,2,0,1,1,94,8,2,1,0,1,0,5,1,3,0,0,0,0,1,0,1,0,3,11,30,4,0,0,2,7,0,7,2,3,13,4,2,5,0,0,2,5,1,0,1,1,0,2,0.375,1.0,,0.6667,,0.6842,1.0,0.25,,0.0,,,,,,1.0,0.7778,,1.0,0.0,,,,,0.0,,,,,,,1.0,,0.0,1.0,0.4468,0.25,0.5,0.0,,1.0,,0.4,0.0,0.3333,,,,,1.0,,0.0,,1.0,0.5455,0.4667,0.25,,,0.0,0.1429,,0.4286,1.0,-1.0,0.0769,0.5,0.0,0.8,,,0.5,1.0,1.0,,1.0,1.0,,-1.0
Beddegana Wetland Park,0,0,0,0,0,0,6,1,0,0,0,0,0,4,0,1,5,2,1,2,0,0,0,0,20,0,0,0,0,0,0,0,0,0,0,0,0,0,0,0,0,0,0,2,8,3,1,0,0,0,0,0,1,0,0,1,0,2,2,0,0,11,2,0,4,5,0,0,11,17,0,5,0,2,0,0,0,0,2,,,,,,,0.3333,0.0,,,,,,0.25,,1.0,0.6,1.0,1.0,0.0,,,,,0.25,,,,,,,,,,,,,,,,,,,0.0,0.125,0.0,1.0,,,,,,1.0,,,1.0,,0.5,0.0,,,0.5455,0.5,,-1.0,0.6,,,0.2727,1.0,,0.8,,0.5,,,,,0.0
Bentota Beach,559,189,0,176,143,5,6,31,2,5,4,29,2,3,1,0,68,78,6,4,2,12,1,0,4,0,11,0,1,0,0,2,0,1,0,0,0,1,1,0,0,0,0,1,32,0,4,0,57,16,7,4,19,164,2,12,3,1,8,16,2,5,1,19,69,252,57,6,64,108,5,33,21,51,11,21,51,0,40,0.7764,0.672,,0.4432,0.3846,-0.2,-0.1667,0.2258,0.0,0.4,-0.5,0.4138,1.0,0.0,1.0,,0.6912,0.6923,0.3333,0.0,1.0,0.3333,0.0,,0.25,,0.4545,,0.0,,,0.0,,0.0,,,,0.0,1.0,,,,,1.0,0.2188,,0.25,,0.386,0.4375,0.5714,0.5,0.4737,0.3963,0.5,0.4167,0.3333,0.0,0.375,0.375,0.0,0.6,0.0,0.2632,-0.2464,0.8175,0.2632,1.0,0.5781,1.0,-1.0,0.8182,0.0476,0.5686,0.8182,0.4762,-0.1569,,-0.325
Bogoda Wooden Bridge,0,0,0,0,0,0,1,7,1,0,0,4,10,0,0,0,0,0,0,0,0,0,0,0,0,0,26,0,3,2,4,0,7,2,0,0,0,2,0,0,0,0,1,1,0,2,0,0,0,0,1,0,0,1,0,1,1,0,19,6,5,3,37,0,0,1,2,0,1,2,0,2,1,1,0,0,0,0,2,,,,,,,0.0,0.5714,0.0,,,0.0,0.2,,,,,,,,,,,,,,0.3846,,0.0,0.0,0.25,,0.1429,0.0,,,,0.0,,,,,1.0,0.0,,0.0,,,,,0.0,,,0.0,,1.0,1.0,,0.1053,-0.1667,0.2,0.3333,0.2703,,,1.0,0.5,,1.0,1.0,,0.5,1.0,0.0,,,,,-0.5
Bopath Ella (Bopath Falls),0,0,0,0,0,0,0,8,27,0,2,9,0,1,0,1,8,0,0,0,0,0,0,0,0,0,0,0,0,0,0,0,0,1,0,0,0,0,0,0,0,0,0,0,7,4,1,0,2,0,0,0,2,4,0,1,1,0,7,1,0,0,0,1,3,5,8,1,5,4,0,3,2,2,0,2,0,0,9,,,,,,,,0.25,0.4444,,0.5,-0.3333,,-1.0,,0.0,0.625,,,,,,,,,,,,,,,,,0.0,,,,,,,,,,,0.1429,0.0,-1.0,,0.0,,,,0.5,0.25,,1.0,0.0,,0.2857,0.0,,,,0.0,-1.0,-0.2,-0.25,1.0,0.6,1.0,,0.3333,0.0,0.0,,-1.0,,,-1.0
Brief Garden - Bevis Bawa,13,0,0,0,0,0,2,3,1,0,8,0,0,27,0,0,52,0,0,3,1,1,0,0,20,0,3,0,1,5,32,55,0,1,0,0,13,5,0,0,1,0,1,52,86,1,3,0,2,4,5,0,0,16,25,67,13,1,41,62,11,39,0,0,10,12,6,4,30,60,0,27,31,5,0,2,9,1,14,0.2308,,,,,,0.5,1.0,0.0,,0.375,,,0.5556,,,0.6538,,,0.0,1.0,1.0,,,0.5,,0.3333,,0.0,0.6,0.4688,0.5091,,0.0,,,0.5385,0.6,,,1.0,,0.0,0.0,0.1047,0.0,0.3333,,-1.0,0.5,0.2,,,0.375,0.52,0.4627,-0.1538,1.0,0.1707,0.2419,0.4545,0.4103,,,-0.3,1.0,-0.6667,1.0,0.3333,1.0,,0.2593,-0.1613,0.8,,0.5,0.4444,0.0,-0.7143
Buduruwagala Temple,1,0,0,0,0,0,14,0,3,0,2,66,0,9,0,0,14,0,0,7,2,0,0,0,10,0,46,1,42,0,4,80,1,3,0,0,0,4,0,0,0,3,3,8,14,5,2,0,1,4,0,0,1,0,0,11,1,0,37,6,5,13,0,0,9,4,2,1,4,49,0,2,2,1,0,0,0,0,6,1.0,,,,,,0.6429,,0.0,,1.0,0.5152,,0.3333,,,0.7857,,,0.8571,1.0,,,,0.4,,0.6087,-1.0,0.3571,,0.25,0.55,0.0,0.0,,,,0.0,,,,0.0,0.0,0.0,0.0714,0.0,0.0,,-1.0,0.5,,,0.0,,,0.3636,0.0,,0.4054,0.1667,0.4,0.4615,,,-0.1111,1.0,0.5,-1.0,0.5,1.0,,1.0,1.0,0.0,,,,,-1.0
Casuarina Beach,175,42,0,47,16,1,0,0,0,6,1,2,0,0,0,0,9,11,1,0,0,0,0,0,4,0,2,0,0,0,0,0,0,0,0,3,0,0,0,0,0,1,0,24,23,8,25,10,12,2,21,0,7,5,0,0,2,0,8,17,0,3,2,16,31,82,26,3,35,42,0,3,2,13,0,35,4,0,19,0.5943,0.381,,0.2979,0.75,0.0,,,,0.1667,-1.0,-0.5,,,,,0.5556,0.4545,0.0,,,,,,-0.25,,0.5,,,,,,,,,0.0,,,,,,1.0,,0.25,0.3043,0.625,0.08,0.1,0.0833,0.0,0.1905,,0.2857,0.4,,,0.5,,0.25,0.0588,,0.3333,0.0,0.1875,-0.5484,0.2195,0.7692,1.0,0.6286,1.0,,0.6667,1.0,0.6154,,0.4,-0.25,,-0.7895
Ceylon Tea Museum,0,0,0,1,0,0,1,2,1,0,51,0,0,0,54,1,56,0,0,0,2,0,0,0,1,0,5,0,1,0,1,1,0,1,0,0,6,251,0,0,0,1,3,43,96,1,4,0,13,21,85,4,14,6,54,146,9,3,25,54,10,1,0,0,10,15,1,3,14,22,3,62,117,15,0,1,1,0,16,,,,1.0,,,1.0,1.0,0.0,,0.4314,,,,0.3519,1.0,0.8393,,,,0.5,,,,1.0,,0.4,,1.0,,0.0,-1.0,,0.0,,,0.5,0.4622,,,,-1.0,-0.3333,0.4419,0.3333,-1.0,0.0,,0.5385,0.4762,0.3882,0.25,0.5,0.1667,0.6111,0.4932,0.0,0.0,0.36,0.2778,0.4,1.0,,,-1.0,0.9333,0.0,1.0,0.5,1.0,-1.0,0.6129,0.4701,0.8667,,0.0,1.0,,-0.9375
Coconut Tree Hill,35,2,0,35,4,0,0,0,0,0,50,7,0,1,0,15,85,43,12,0,0,3,0,0,0,0,1,0,0,0,0,0,0,1,0,0,0,0,0,0,0,0,0,1,4,3,0,0,2,4,2,0,0,1,1,3,2,0,19,2,3,11,1,1,35,5,7,3,3,10,0,0,3,2,0,0,0,0,7,0.4857,-1.0,,0.7143,0.75,,,,,,0.38,0.5714,,0.0,,0.6,0.7059,0.5581,0.75,,,0.3333,,,,,0.0,,,,,,,1.0,,,,,,,,,,0.0,0.25,0.3333,,,0.5,1.0,1.0,,,1.0,0.0,0.0,0.0,,0.2632,0.0,0.0,-0.0909,0.0,0.0,-0.7429,-0.6,-0.4286,0.3333,0.6667,1.0,,,0.3333,0.5,,,,,-0.1429
Colombo Lotus Tower,1,0,0,3,0,0,5,0,0,0,1,0,0,0,0,19,52,5,0,0,0,0,0,0,1,0,0,0,1,0,0,0,0,0,0,0,0,3,0,0,0,0,0,8,26,0,2,0,14,1,4,1,2,2,1,2,2,0,0,1,1,0,0,0,6,0,2,0,10,0,1,10,15,9,0,1,0,0,4,1.0,,,0.3333,,,0.4,,,,1.0,,,,,0.4211,0.75,0.8,,,,,,,1.0,,,,0.0,,,,,,,,,0.6667,,,,,,0.25,0.0385,,0.5,,0.4286,0.0,0.5,0.0,1.0,1.0,0.0,0.0,-1.0,,,0.0,0.0,,,,-0.3333,,0.0,,0.4,,-1.0,0.2,-0.3333,0.6667,,1.0,,,-0.5
Colombo National Museum,2,0,0,3,0,0,1,0,0,0,0,2,0,2,1,1,11,0,0,6,2,0,4,0,0,1,1,2,14,4,33,46,0,5,1,0,60,346,0,0,0,3,33,32,77,8,24,0,1,37,41,0,11,8,4,15,18,0,7,12,6,5,0,0,20,30,7,6,52,7,2,39,25,6,0,4,0,0,58,0.0,,,0.6667,,,0.0,,,,,0.0,,0.0,0.0,1.0,0.3636,,,-0.1667,1.0,,0.25,,,0.0,0.0,0.5,0.6429,0.25,0.3636,0.4783,,0.2,1.0,,0.5667,0.5029,,,,0.3333,0.5152,0.1562,0.1948,0.375,0.2083,,0.0,0.5676,0.4878,,0.3636,0.25,0.0,0.5333,0.6111,,0.1429,0.5833,-0.1667,0.4,,,-0.7,1.0,0.1429,0.5,0.5769,1.0,-1.0,0.4872,0.2,0.1667,,0.5,,,-0.9655
Dagoba of Thuparama,0,4,0,0,0,0,3,0,0,0,0,1,0,1,0,1,5,2,0,0,2,0,0,0,0,0,31,92,27,0,2,11,0,20,0,0,0,0,0,0,0,12,3,7,6,2,0,0,0,0,1,0,2,0,0,4,0,0,1,3,4,1,0,0,6,2,2,1,3,12,0,0,0,0,0,0,1,0,22,,-1.0,,,,,0.0,,,,,0.0,,1.0,,0.0,0.4,0.0,,,0.0,,,,,,0.4194,0.4022,0.037,,0.5,0.3636,,0.4,,,,,,,,0.25,1.0,0.1429,0.0,0.5,,,,,0.0,,0.0,,,0.25,,,1.0,-0.3333,0.75,1.0,,,-1.0,-1.0,0.0,1.0,0.6667,1.0,,,,,,,0.0,,-1.0
Dambulla Cave Temple,1,0,0,0,0,0,2,0,0,0,50,93,352,6,0,1,106,5,0,1,1,0,0,0,0,0,340,7,184,57,145,196,151,2,4,0,0,10,0,1,0,12,49,45,107,26,7,0,1,2,14,2,13,6,10,86,8,0,20,13,195,16,0,0,35,30,9,8,12,45,0,15,28,18,0,6,1,0,81,1.0,,,,,,0.0,,,,0.24,0.3871,0.4688,0.6667,,1.0,0.6981,0.6,,1.0,0.0,,,,,,0.4941,0.2857,0.4185,0.5263,0.5172,0.5561,0.4901,-0.5,0.5,,,-0.1,,1.0,,0.75,0.449,0.1111,0.1402,0.0769,0.1429,,0.0,1.0,-0.2143,-0.5,0.2308,0.5,0.3,0.2791,-0.375,,0.0,0.3077,0.1949,0.125,,,-0.7714,0.4667,0.2222,0.25,0.25,1.0,,0.2,0.2143,0.2222,,0.1667,0.0,,-0.963
Dehiwala Zoo - Sri Lanka,0,0,0,0,0,0,0,0,0,0,0,0,0,0,0,0,1,0,0,40,13,0,0,0,14,0,0,0,0,0,0,0,0,0,0,1,0,1,0,0,0,0,0,5,6,1,0,0,2,1,0,0,5,0,1,2,2,1,0,0,0,1,0,0,6,8,0,0,17,2,0,4,4,7,0,0,0,0,4,,,,,,,,,,,,,,,,,1.0,,,0.35,0.3077,,,,0.3571,,,,,,,,,,,0.0,,0.0,,,,,,-0.2,-0.1667,1.0,,,0.5,1.0,,,0.4,,1.0,0.5,-0.5,0.0,,,,0.0,,,-0.8333,0.25,,,0.5882,1.0,,0.75,0.0,0.7143,,,,,-1.0
Demodara Loop,0,0,0,0,0,0,0,0,2,0,25,0,0,2,7,6,42,1,0,0,0,0,0,0,3,0,1,0,0,0,0,1,0,0,0,0,6,0,0,0,0,0,0,0,19,5,1,0,1,0,0,0,0,0,0,0,2,0,14,21,2,24,33,0,4,3,2,0,6,1,0,5,1,2,0,0,0,0,4,,,,,,,,,1.0,,0.2,,,0.0,0.8571,0.1667,0.5238,1.0,,,,,,,-0.3333,,1.0,,,,,1.0,,,,,0.6667,,,,,,,,0.3158,0.0,1.0,,1.0,,,,,,,,0.5,,0.1429,0.2857,0.5,0.4167,0.2727,,-0.5,0.3333,1.0,,0.8333,1.0,,0.8,1.0,0.5,,,,,-0.75
Devon Falls,0,0,0,0,0,0,5,3,146,0,16,1,0,2,12,35,103,1,0,0,0,0,0,0,0,0,4,0,0,0,1,0,0,0,0,1,0,0,0,0,0,2,1,0,4,8,1,0,11,2,6,0,0,4,0,1,2,0,74,7,4,9,0,0,1,1,2,1,4,5,1,0,2,9,0,0,0,0,19,,,,,,,0.6,0.0,0.6027,,0.8125,1.0,,0.5,0.5,0.4286,0.699,1.0,,,,,,,,,0.25,,,,1.0,,,,,0.0,,,,,,1.0,1.0,,0.5,0.25,1.0,,0.6364,0.0,0.0,,,0.0,,1.0,0.5,,0.4595,0.4286,-0.25,-0.2222,,,-1.0,1.0,0.0,1.0,0.25,1.0,-1.0,,0.0,0.7778,,,,,-0.6842
Diyaluma Falls,0,0,0,0,1,0,1,5,150,0,16,26,0,8,1,1,61,2,1,1,7,0,0,0,0,1,1,0,0,0,1,2,1,0,0,0,0,0,0,0,0,0,2,5,12,7,3,0,3,0,8,0,5,3,1,46,3,0,55,33,10,24,7,0,13,7,18,5,17,8,0,7,7,8,0,3,1,5,25,,,,,1.0,,0.0,0.0,0.6933,,0.3125,0.2308,,0.5,0.0,1.0,0.8033,0.5,1.0,0.0,0.2857,,,,,1.0,1.0,,,,0.0,0.0,1.0,,,,,,,,,,0.5,0.4,0.1667,0.2857,0.0,,0.3333,,0.25,,0.0,0.0,-1.0,0.413,0.3333,,0.4182,0.3333,0.3,0.1667,0.4286,,-0.6154,-0.1429,0.2778,1.0,0.4706,1.0,,0.7143,0.7143,0.625,,0.3333,0.0,-1.0,-0.8
Diyatha Uyana,1,1,0,1,0,0,41,5,1,0,0,0,0,1,0,0,24,4,0,2,0,1,0,0,8,0,0,0,0,0,3,0,0,0,0,1,0,0,0,0,0,0,0,2,9,23,3,0,23,1,17,26,24,7,0,0,3,0,6,5,1,34,1,10,38,19,2,4,67,11,0,6,12,86,0,0,0,0,8,0.0,0.0,,-1.0,,,0.6098,0.2,-1.0,,,,,1.0,,,0.7083,0.5,,0.5,,0.0,,,0.625,,,,,,0.6667,,,,,1.0,,,,,,,,0.5,0.8889,0.2174,1.0,,0.5217,0.0,0.5882,0.6923,0.125,0.2857,,,-0.3333,,0.1667,0.2,0.0,0.4706,1.0,0.3,-0.7368,0.8947,0.0,1.0,0.6119,1.0,,0.1667,0.6667,0.4535,,,,,-0.625
Dondra Head Lighthouse,32,0,1,29,5,2,0,1,0,0,0,5,0,0,0,3,59,2,0,0,1,0,3,0,0,0,6,0,1,0,3,2,0,0,1,1,3,0,84,0,0,2,0,11,12,3,1,0,1,1,2,0,2,0,0,2,6,0,2,10,12,0,0,4,6,11,5,1,4,14,0,6,7,1,0,1,3,0,5,0.4688,,1.0,0.6207,0.8,1.0,,0.0,,,,1.0,,,,0.3333,0.8136,0.0,,,0.0,,1.0,,,,0.0,,0.0,,0.0,0.0,,,0.0,0.0,0.3333,,0.5952,,,0.5,,0.3636,0.25,0.0,1.0,,-1.0,-1.0,1.0,,-0.5,,,-0.5,0.3333,,0.5,0.1,0.4167,,,0.75,-1.0,0.8182,0.0,1.0,0.0,1.0,,0.0,0.7143,1.0,,0.0,0.0,,0.6
Dunhinda Falls,0,0,0,0,0,0,2,9,84,0,10,3,0,11,1,6,28,0,0,4,1,0,1,0,1,0,0,0,0,0,0,0,0,0,0,0,0,0,0,0,0,0,0,6,12,0,0,0,0,0,12,0,12,0,0,3,0,0,31,10,14,32,2,0,7,3,17,2,7,3,0,4,2,11,0,1,0,0,23,,,,,,,0.5,0.0,0.7024,,0.3,0.6667,,0.9091,0.0,0.0,0.5357,,,0.0,0.0,,0.0,,1.0,,,,,,,,,,,,,,,,,,,0.5,0.25,,,,,,0.1667,,-0.0833,,,0.3333,,,0.0,0.4,0.1429,0.2188,0.0,,-0.8571,-0.3333,-0.2941,1.0,-0.2857,1.0,,1.0,1.0,0.0,,0.0,,,-0.7826
Dutch Hospital Shopping Precinct,5,1,0,53,3,0,0,0,1,0,0,3,0,0,0,0,71,7,0,0,2,1,0,0,0,0,0,1,0,1,2,0,0,1,0,105,58,6,6,0,0,0,21,3,65,8,25,0,424,115,438,14,74,41,2,3,2,0,7,31,6,2,0,0,52,48,4,8,18,20,9,36,135,188,0,0,1,0,18,0.2,-1.0,,0.6038,1.0,,,,0.0,,,1.0,,,,,0.831,0.7143,,,0.5,1.0,,,,,,1.0,,0.0,0.0,,,0.0,,0.4952,0.4138,0.3333,0.3333,,,,0.4762,0.3333,0.2769,0.25,0.92,,0.4717,0.4435,0.3995,0.5,0.4324,0.2195,0.5,0.3333,0.0,,0.2857,0.3548,0.5,1.0,,,-0.5577,0.875,1.0,1.0,0.6111,0.8,-1.0,0.5278,-0.7481,0.633,,,1.0,,-0.6111
Elephant Pass,2,1,0,9,0,11,4,0,0,0,1,0,0,1,0,0,15,7,6,0,45,0,0,0,5,0,1,0,0,0,0,11,0,0,0,3,0,2,0,0,0,1,2,0,2,1,6,0,1,3,0,0,0,1,0,4,2,0,25,5,2,3,6,0,3,6,1,4,0,2,0,0,2,4,0,0,0,0,4,1.0,1.0,,0.6667,,0.2727,0.5,,,,1.0,,,0.0,,,0.6667,0.1429,0.1667,,0.0889,,,,0.6,,1.0,,,,,0.2727,,,,0.0,,0.5,,,,1.0,0.5,,-1.0,-1.0,0.3333,,1.0,1.0,,,,0.0,,0.0,0.0,,0.4,0.2,0.0,1.0,0.3333,,-1.0,0.6667,0.0,0.5,,1.0,,,1.0,0.25,,,,,-1.0
Elephant Transit Home (ETH),2,0,0,0,2,0,3,0,0,0,0,0,0,13,0,0,40,1,0,123,462,2,0,0,6,2,0,0,0,0,1,2,0,0,0,0,1,33,0,0,0,0,0,25,60,1,3,0,1,0,13,1,6,5,3,26,18,1,8,2,5,3,0,0,34,5,11,5,54,11,13,41,43,34,0,2,0,0,6,0.5,,,,0.0,,0.3333,,,,,,,0.3077,,,0.5,0.0,,0.4146,0.526,0.0,,,0.3333,0.5,,,,,0.0,0.0,,,,,0.0,0.6667,,,,,,0.4,0.2667,0.0,0.3333,,0.0,,0.3077,0.0,0.1667,0.2,0.6667,0.1923,0.2222,0.0,0.625,0.0,0.2,0.0,,,-0.8235,0.2,0.2727,0.2,0.4074,0.8182,-1.0,0.2195,0.7674,0.0882,,0.5,,,-0.8333
Ella Rock,0,1,0,0,0,0,0,15,62,0,116,214,9,45,72,69,380,4,42,3,0,0,1,0,6,0,9,0,12,0,3,10,2,0,0,1,0,0,0,0,0,12,2,16,57,1,5,0,5,24,14,2,18,43,7,197,69,0,37,46,21,230,63,2,35,8,15,0,33,11,1,19,27,14,0,1,0,13,79,,-1.0,,,,,,0.0,0.3226,,0.4138,0.271,0.5556,0.1556,0.2917,0.2174,0.7368,0.25,0.4762,0.6667,,,1.0,,0.5,,0.5556,,0.3333,,0.0,-0.1,1.0,,,0.0,,,,,,0.5833,0.5,0.1875,0.2632,0.0,0.4,,0.2,0.25,0.1429,0.5,0.3889,0.3256,0.1429,0.203,0.1594,,0.2973,0.1739,0.2857,0.2435,0.1111,0.0,-0.6571,-0.75,0.0667,,0.3636,1.0,-1.0,0.5263,-0.3333,0.4286,,1.0,,-0.7692,-0.7215
Embekka Devalaya,0,0,0,0,0,0,1,0,0,0,0,0,0,0,0,0,1,2,0,0,0,0,0,0,0,0,26,0,1,1,1,36,0,1,0,0,0,0,0,0,0,8,3,4,5,2,1,0,0,0,0,0,0,0,0,2,1,0,7,5,0,1,0,0,3,1,0,0,0,5,0,1,1,1,0,0,0,0,1,,,,,,,1.0,,,,,,,,,,0.0,-0.5,,,,,,,,,0.6923,,0.0,1.0,1.0,0.6389,,-1.0,,,,,,,,0.375,0.0,0.25,0.2,1.0,1.0,,,,,,,,,0.0,0.0,,0.1429,0.2,,-1.0,,,-1.0,1.0,,,,1.0,,0.0,1.0,1.0,,,,,1.0
Fort Frederick,22,0,0,26,0,0,0,1,0,0,26,22,0,0,0,5,74,2,1,6,0,0,3,0,8,0,148,1,6,0,1,5,0,2,10,149,20,3,0,1,0,55,2,6,11,5,4,0,0,7,10,5,18,2,0,3,4,0,22,12,1,2,1,2,9,16,2,2,4,9,2,4,17,7,0,3,1,0,11,0.4091,,,0.5769,,,,0.0,,,0.3846,0.4545,,,,0.2,0.7027,1.0,0.0,0.1667,,,0.3333,,0.25,,0.4392,1.0,0.3333,,0.0,0.8,,0.5,0.4,0.4094,0.35,0.3333,,0.0,,0.4909,0.5,0.0,0.2727,0.2,0.0,,,0.5714,0.4,0.4,0.4444,0.5,,0.0,0.0,,0.3636,0.3333,-1.0,0.5,0.0,0.5,-1.0,0.5,1.0,0.0,0.0,1.0,-1.0,-0.25,0.8824,0.4286,,0.3333,0.0,,-0.4545
Gal Oya National Park,4,1,0,1,1,0,26,6,2,0,4,4,1,13,0,0,11,4,0,30,49,1,0,0,39,6,0,0,0,0,0,1,0,0,0,0,0,0,0,0,0,0,0,1,4,0,1,0,0,0,0,0,0,5,0,8,1,0,8,0,2,5,0,39,2,2,5,1,1,12,1,4,2,3,0,0,1,0,7,0.25,0.0,,0.0,0.0,,0.4231,0.3333,0.5,,0.75,0.0,0.0,0.2308,,,0.8182,0.5,,0.4,0.5306,0.0,,,0.5385,0.3333,,,,,,0.0,,,,,,,,,,,,1.0,0.75,,0.0,,,,,,,0.4,,0.375,0.0,,-0.25,,0.0,0.0,,0.4103,0.0,0.5,0.6,1.0,1.0,1.0,-1.0,0.75,0.0,0.6667,,,0.0,,-0.2857
Gal Vihara,0,17,0,1,0,0,7,0,1,0,5,189,15,3,0,0,19,1,0,4,5,1,0,0,1,0,148,7,280,0,4,310,24,72,1,0,0,13,0,1,0,8,34,20,41,9,1,0,0,0,0,0,0,2,6,46,3,1,5,6,3,13,0,0,22,7,5,0,11,43,0,3,13,4,0,7,0,0,34,,-0.2941,,0.0,,,0.5714,,0.0,,0.4,0.4127,0.2667,0.0,,,0.3158,0.0,,1.0,0.0,1.0,,,0.0,,0.3919,0.2857,0.4714,,0.25,0.6129,0.4167,0.2222,0.0,,,0.2308,,0.0,,0.5,0.2647,0.3,0.122,0.0,0.0,,,,,,,0.5,0.3333,0.413,0.0,0.0,0.6,0.1667,-0.3333,0.2308,,,-0.5455,1.0,0.8,,0.2727,1.0,,0.3333,-0.2308,0.25,,0.4286,,,-0.9412
Galle Dutch Fort,70,3,0,124,7,0,0,0,0,3,1,10,0,4,1,4,199,68,4,1,1,2,2,0,2,0,11,1,0,0,0,1,0,12,31,404,56,39,48,56,16,0,90,6,34,4,2,0,187,84,206,10,27,73,5,35,3,2,10,52,6,4,1,2,36,52,15,6,29,24,3,11,42,50,1,6,6,0,69,0.4286,0.6667,,0.6452,0.2857,,,,,0.6667,0.0,0.2,,0.75,0.0,0.75,0.7889,0.6912,0.0,0.0,0.0,0.5,0.0,,1.0,,0.0909,0.0,,,,1.0,,0.1667,0.4194,0.5149,0.4464,0.4103,0.3542,0.4286,0.1875,,0.2778,0.5,0.2353,0.25,0.5,,0.4278,0.5119,0.4126,0.4,0.3704,0.3014,0.8,0.6286,0.3333,1.0,0.2,0.3462,0.3333,0.25,1.0,0.5,-0.8333,0.0577,0.4,0.6667,0.4483,1.0,-1.0,0.8182,-0.2857,0.48,1.0,0.8333,0.0,,-0.5942
Galle Face Green,115,11,1,183,23,0,1,0,1,0,0,3,0,0,0,1,102,116,3,3,0,1,0,0,1,0,1,1,0,0,1,0,0,1,0,5,7,1,0,0,0,0,1,6,17,13,4,0,24,3,23,4,134,113,0,2,1,0,24,14,3,6,3,2,77,60,27,4,127,17,2,19,24,226,0,3,1,0,35,0.3391,0.3636,1.0,0.4809,0.5217,,0.0,,0.0,,,-0.3333,,,,0.0,0.6078,0.6379,1.0,0.3333,,0.0,,,1.0,,1.0,1.0,,,0.0,,,0.0,,0.2,0.0,1.0,,,,,1.0,0.1667,0.4706,0.0769,0.25,,0.5,0.6667,0.3478,0.25,0.1866,0.3009,,0.5,1.0,,0.25,0.4286,0.6667,0.8333,0.3333,1.0,-0.7273,0.1833,0.5926,1.0,0.4016,1.0,-1.0,0.7368,0.75,0.3805,,0.0,-1.0,,-0.3429
Galle Face Hotel,0,0,0,4,0,0,0,0,0,0,0,0,0,0,0,0,4,0,0,0,0,0,0,0,0,0,0,0,0,0,0,0,0,0,0,0,0,0,0,0,0,0,0,0,0,0,0,0,4,0,1,0,0,10,0,0,0,0,0,0,0,0,0,0,0,0,0,0,4,4,0,15,0,11,0,0,0,0,1,,,,1.0,,,,,,,,,,,,,1.0,,,,,,,,,,,,,,,,,,,,,,,,,,,,,,,,0.75,,-1.0,,,0.8,,,,,,,,,,,,,,,0.75,1.0,,0.9333,,0.9091,,,,,1.0
Galle Fort Lighthouse,84,2,0,107,3,0,0,0,0,3,0,15,0,0,0,6,164,54,11,0,2,0,0,0,1,0,0,5,0,0,2,1,0,2,6,220,11,4,315,6,9,0,25,0,3,1,1,0,31,6,32,0,14,14,1,12,2,0,4,9,6,2,0,5,26,18,13,9,22,14,0,4,5,11,1,3,7,0,25,0.5476,0.5,,0.5607,0.6667,,,,,0.3333,,0.4,,,,1.0,0.7561,0.6296,0.6364,,0.5,,,,0.0,,,0.4,,,0.0,0.0,,0.5,0.5,0.4409,0.2727,0.5,0.454,0.6667,0.6667,,0.52,,0.3333,1.0,1.0,,0.5484,0.5,0.5938,,0.5714,0.2857,0.0,0.1667,0.5,,0.0,0.3333,0.6667,0.0,,0.6,-0.8846,0.5556,0.1538,0.5556,0.3182,1.0,,0.5,0.2,0.5455,1.0,0.6667,0.0,,-0.56
Galway's Land National Park,0,0,0,0,0,0,3,0,1,0,2,1,0,36,0,1,3,0,0,21,0,0,0,0,39,0,0,0,0,0,0,0,0,0,0,0,0,0,0,0,0,0,0,7,24,4,1,0,0,0,0,1,0,5,0,4,7,1,9,3,2,22,0,0,5,3,5,0,5,10,2,2,16,0,0,0,0,0,6,,,,,,,0.6667,,-1.0,,0.0,0.0,,0.3611,,1.0,0.0,,,0.1429,,,,,0.3077,,,,,,,,,,,,,,,,,,,0.2857,0.0,-0.25,-1.0,,,,,0.0,,0.0,,0.5,0.2857,1.0,0.2222,0.6667,0.0,0.4545,,,0.0,-1.0,0.6,,0.6,1.0,-1.0,1.0,-0.5,,,,,,-1.0
Gangaramaya Temple,0,0,0,1,0,0,63,2,0,0,2,0,1,2,0,0,18,3,0,9,46,0,0,0,2,0,407,10,155,5,14,141,1,2,0,1,1,134,0,2,2,28,4,62,74,8,2,0,1,0,10,2,1,13,12,35,3,0,16,24,6,1,1,1,30,26,3,8,12,110,2,10,22,1,0,3,0,0,7,,,,0.0,,,0.4603,0.0,,,0.5,,0.0,0.0,,,0.6111,1.0,,-0.2222,0.2391,,,,0.5,,0.5725,0.3,0.4387,0.6,0.5714,0.3972,0.0,0.0,,0.0,0.0,0.3955,,1.0,0.5,0.3929,0.25,0.1935,0.3649,0.25,0.0,,0.0,,0.3,0.0,1.0,0.3077,0.25,0.3714,0.0,,0.3125,0.4167,0.1667,0.0,0.0,0.0,-0.7,0.2692,1.0,1.0,0.5,0.9818,-1.0,0.2,0.5455,-1.0,,0.0,,,-0.8571
Gartmore Falls,0,0,0,0,0,0,3,1,6,0,4,0,0,0,4,1,6,0,0,0,0,0,0,0,0,0,0,0,0,0,0,0,0,0,0,0,0,0,0,0,0,0,0,0,0,0,0,0,0,0,0,0,0,0,1,1,0,0,0,0,0,1,0,0,1,0,0,2,0,3,0,1,0,0,0,0,0,0,0,,,,,,,0.6667,0.0,1.0,,0.5,,,,0.75,1.0,1.0,,,,,,,,,,,,,,,,,,,,,,,,,,,,,,,,,,,,,,0.0,0.0,,,,,,1.0,,,1.0,,,1.0,,1.0,,0.0,,,,,,,
Goyambokka Beach,282,47,1,62,132,1,0,2,0,0,1,18,0,2,0,1,28,1,1,1,0,4,0,0,2,0,0,0,0,0,1,0,0,1,0,0,0,0,0,0,0,0,0,1,39,0,9,0,109,14,2,0,3,39,2,4,0,0,14,16,1,5,0,4,51,47,27,1,42,54,1,20,57,88,8,9,26,0,7,0.7163,0.5745,0.0,0.4355,0.4167,1.0,,0.5,,,0.0,0.1111,,0.0,,1.0,0.25,1.0,0.0,1.0,,0.5,,,0.5,,,,,,1.0,,,0.0,,,,,,,,,,1.0,0.0256,,0.3333,,0.5229,0.2857,0.5,,0.0,0.3846,0.5,0.5,,,0.3571,0.375,1.0,0.6,,0.5,-0.4118,0.7021,0.4074,-1.0,0.4524,1.0,-1.0,0.3,-0.0175,0.5909,1.0,0.4444,-0.0385,,0.0
Gregory Lake,8,0,0,5,1,0,368,6,1,0,55,0,0,0,4,1,121,3,0,4,0,0,0,0,3,0,5,0,0,0,0,1,0,0,0,0,0,0,0,0,0,2,0,45,116,24,6,0,23,8,16,1,29,13,0,3,2,1,12,4,2,39,4,190,38,105,14,3,114,40,6,16,43,60,0,4,0,0,46,-0.125,,,0.2,0.0,,0.5136,0.0,-1.0,,0.5455,,,,0.25,1.0,0.7355,0.6667,,-0.5,,,,,-0.3333,,0.2,,,,,1.0,,,,,,,,,,0.0,,0.0222,0.1379,0.125,-0.1667,,0.1739,0.125,0.1875,-1.0,0.3793,0.4615,,0.6667,0.0,-1.0,0.25,0.25,-0.5,0.4615,0.0,0.2526,-0.7105,0.3714,0.4286,1.0,0.5614,1.0,-1.0,0.3125,-0.2558,0.3333,,0.5,,,-0.0435
Hakgala Botanic Gardens,0,0,0,4,0,0,2,5,6,0,49,19,0,12,5,0,60,0,0,3,0,0,0,0,22,0,5,0,0,0,0,0,0,0,0,0,2,0,0,0,0,3,1,54,108,10,12,0,2,5,7,1,1,4,1,25,16,0,22,16,4,32,5,0,35,63,2,5,48,41,5,25,55,15,0,0,0,1,35,,,,0.5,,,0.5,0.4,0.6667,,0.4082,0.3684,,0.4167,0.4,,0.7,,,0.6667,,,,,0.5,,0.4,,,,,,,,,,0.5,,,,,0.6667,0.0,-0.037,0.0926,-0.2,-0.0833,,0.0,0.4,0.0,0.0,1.0,0.25,1.0,0.4,0.25,,0.1818,0.3125,0.25,0.3125,0.6,,-0.4857,0.5238,-0.5,0.6,0.4375,1.0,-1.0,0.44,-0.4909,0.0667,,,,-1.0,-0.2
Handunugoda Tea Estate,20,0,0,2,0,0,1,0,0,0,28,0,0,3,216,0,34,0,0,7,1,1,2,0,8,0,0,0,0,0,1,0,0,0,5,1,15,37,0,0,0,2,2,9,53,1,3,0,1,1,135,2,8,13,54,217,6,0,15,53,3,8,0,0,9,10,1,1,46,26,1,58,182,38,0,2,1,0,16,0.7,,,0.5,,,0.0,,,,0.4643,,,0.3333,0.5694,,0.7059,,,0.5714,0.0,0.0,0.0,,0.75,,,,,,1.0,,,,0.2,0.0,0.4,0.4865,,,,0.0,0.0,0.3333,0.2642,0.0,1.0,,-1.0,-1.0,0.437,-1.0,0.625,0.3846,0.7222,0.6406,0.1667,,0.7333,0.4528,0.6667,0.375,,,-0.7778,0.6,-1.0,1.0,0.5435,1.0,-1.0,0.6379,0.4176,1.0,,1.0,1.0,,-0.875
Henerathgoda Botanical Garden,0,0,0,2,0,0,3,1,0,0,1,0,1,0,0,0,3,0,0,0,0,0,0,0,1,0,1,0,0,0,0,0,1,0,0,0,0,0,0,0,0,0,0,3,3,4,0,0,1,1,0,0,0,0,1,1,0,0,3,0,0,2,0,2,3,5,1,0,8,11,0,3,1,2,0,0,0,0,2,,,,0.0,,,0.3333,0.0,,,0.0,,1.0,,,,1.0,,,,,,,,1.0,,1.0,,,,,,1.0,,,,,,,,,,,0.0,0.0,0.5,,,1.0,0.0,,,,,1.0,1.0,,,0.0,,,0.5,,1.0,-1.0,0.2,0.0,,0.25,1.0,,0.3333,-1.0,0.0,,,,,-1.0
Hikkaduwa Beach,541,108,2,164,168,6,1,1,0,110,9,28,0,1,2,0,37,40,3,31,2,202,3,0,0,0,2,0,0,0,0,0,0,1,0,2,0,1,0,0,0,0,0,3,46,2,4,1,139,20,34,3,12,107,1,11,14,0,24,21,2,2,1,59,124,149,52,4,54,49,14,27,40,69,19,36,40,0,29,0.61,0.6019,0.0,0.3171,0.3571,0.3333,0.0,1.0,,0.3364,-0.2222,0.5357,,1.0,0.0,,0.5405,0.675,0.6667,0.2581,-0.5,0.3267,0.6667,,,,0.5,,,,,,,1.0,,0.0,,1.0,,,,,,0.0,0.2174,0.5,0.0,0.0,0.4532,0.4,0.4706,0.0,0.3333,0.2523,1.0,0.6364,0.0714,,0.125,0.2857,0.5,0.5,0.0,0.0508,-0.8548,0.5369,0.2115,1.0,0.4259,0.9592,-1.0,0.3704,0.35,0.4783,0.8947,0.2778,0.025,,-0.069
Hiriketiya Beach,122,14,0,18,70,2,0,1,0,4,2,1,0,1,0,0,10,2,4,1,0,4,0,0,1,0,2,0,0,0,0,1,0,0,0,0,0,0,0,0,0,0,0,0,16,1,0,0,38,7,4,1,4,20,0,1,4,0,7,3,0,1,0,1,41,15,11,2,23,25,0,2,16,27,2,6,5,0,4,0.5984,0.4286,,0.2778,0.5286,0.5,,0.0,,0.5,1.0,0.0,,1.0,,,0.6,1.0,0.75,1.0,,0.5,,,1.0,,0.5,,,,,1.0,,,,,,,,,,,,,0.375,0.0,,,0.3947,0.7143,0.25,1.0,0.25,0.2,,1.0,-0.25,,0.1429,0.3333,,0.0,,1.0,-0.9024,0.3333,0.2727,1.0,0.4783,1.0,,1.0,0.0,0.4815,1.0,0.5,0.0,,-0.5
Horton Plains National Park,5,3,0,8,0,0,3,15,201,0,78,48,0,52,5,44,361,1,41,114,2,0,0,0,72,29,0,0,0,0,0,0,0,3,0,0,0,5,0,0,0,0,10,63,119,19,44,0,1,7,4,0,1,40,9,58,29,0,47,30,34,159,0,0,70,80,15,6,44,42,3,32,64,15,1,7,0,2,115,0.6,0.3333,,0.25,,,0.6667,0.2,0.4527,,0.4103,0.125,,0.3846,0.4,0.4318,0.7119,1.0,0.4878,0.3158,0.0,,,,0.2778,0.2414,,,,,,,,0.3333,,,,0.2,,,,,0.1,-0.1587,-0.0924,0.0,0.0,,0.0,-0.1429,0.5,,0.0,0.1,0.7778,0.3448,0.1034,,0.2766,0.1,0.2647,0.2327,,,-0.7857,-0.5375,-0.2,0.0,0.3182,1.0,-1.0,0.25,-0.625,0.2,1.0,0.5714,,-1.0,-0.3565
Hummanaya Blow Hole,30,1,1,50,29,0,2,0,1,0,3,40,1,0,0,1,45,1,0,0,0,1,1,0,0,0,0,0,0,0,0,0,0,0,0,0,0,7,0,0,0,0,0,29,47,15,4,0,2,0,9,0,11,3,1,6,3,0,15,12,23,13,0,4,6,11,11,2,9,16,7,3,15,6,1,5,13,0,32,0.4667,1.0,-1.0,0.24,0.5517,,0.0,,1.0,,0.3333,0.25,0.0,,,1.0,0.8,0.0,,,,0.0,-1.0,,,,,,,,,,,,,,,0.7143,,,,,,-0.0345,0.1064,-0.0667,-0.75,,0.5,,0.2222,,0.0,0.3333,0.0,0.3333,0.3333,,-0.2,-0.0833,0.3043,0.3077,,0.0,-0.6667,-0.2727,0.2727,0.0,0.3333,1.0,-1.0,0.3333,0.3333,0.1667,1.0,0.4,0.0769,,-0.5625
Hurulu Eco Park,0,0,0,1,0,0,5,0,0,0,10,19,0,24,0,10,43,10,0,119,325,0,1,0,79,6,0,0,0,0,0,0,0,1,0,0,0,0,0,0,0,0,1,20,46,2,1,0,1,0,1,0,0,44,9,70,2,0,73,1,2,38,0,0,37,7,11,5,34,12,15,8,21,4,0,1,1,0,43,,,,0.0,,,-0.2,,,,0.3,0.6316,,0.2083,,0.8,0.7442,0.8,,0.2269,0.3692,,0.0,,0.3038,-0.3333,,,,,,,,0.0,,,,,,,,,0.0,0.15,0.1304,-0.5,1.0,,1.0,,-1.0,,,0.2045,0.2222,0.4429,0.5,,-0.0548,0.0,0.0,0.0789,,,-0.7027,-0.1429,-0.0909,0.2,0.4118,1.0,-1.0,0.5,-0.2381,0.25,,0.0,0.0,,-0.7907
Independence Memorial Hall,0,0,0,1,0,0,1,0,0,0,0,0,0,0,0,0,23,1,0,1,0,0,0,0,3,0,10,0,5,7,7,61,0,0,0,1,8,33,0,0,0,0,4,8,3,7,1,0,11,3,11,1,1,4,3,14,3,0,10,11,7,15,0,0,17,38,5,2,24,38,1,1,18,6,0,3,0,0,13,,,,0.0,,,-1.0,,,,,,,,,,0.4348,0.0,,0.0,,,,,0.3333,,0.2,,0.4,0.1429,0.5714,0.4262,,,,0.0,0.5,0.3333,,,,,0.75,0.5,0.3333,0.2857,0.0,,0.4545,0.6667,0.1818,0.0,0.0,0.5,0.6667,0.7143,0.3333,,0.1,0.0909,0.2857,0.4667,,,-0.4118,0.8421,0.6,1.0,0.5,0.9474,-1.0,1.0,0.6667,0.1667,,0.0,,,0.0
Isurumuniya Temple,1,7,0,0,0,0,31,1,0,0,6,121,22,2,0,3,84,6,0,0,27,0,0,0,3,0,178,34,38,2,11,112,32,13,0,0,0,57,0,1,0,12,11,32,44,8,2,0,1,1,1,0,0,2,0,16,4,0,2,7,22,3,0,0,17,6,5,2,22,32,3,4,16,1,0,1,0,0,31,1.0,-0.4286,,,,,0.5806,0.0,,,1.0,0.5372,0.5455,0.5,,0.0,0.7262,0.6667,,,0.5185,,,,0.6667,,0.5393,0.5294,0.3158,0.0,0.4545,0.4554,0.4688,0.3846,,,,0.3158,,0.0,,0.3333,0.2727,0.2812,0.3182,0.25,1.0,,-1.0,1.0,0.0,,,0.5,,0.5,-0.25,,0.5,0.4286,0.2727,0.3333,,,-0.8235,0.6667,-0.2,1.0,0.1818,1.0,-1.0,0.25,0.75,-1.0,,0.0,,,-1.0
Jaffna Fort,14,1,2,41,0,16,0,0,1,25,2,3,0,0,1,2,107,37,2,1,2,0,0,0,2,0,5,0,0,0,0,5,0,57,10,334,28,25,0,28,0,6,19,10,16,4,2,0,3,2,11,3,4,5,0,24,16,5,9,8,11,5,3,2,6,29,8,1,15,15,0,19,44,6,0,0,6,0,44,0.1429,0.0,0.5,0.7317,,0.75,,,0.0,0.48,0.0,0.6667,,,0.0,0.5,0.7757,0.7838,1.0,0.0,0.5,,,,0.5,,0.4,,,,,-0.2,,0.2807,0.5,0.4192,0.3214,0.28,,0.25,,0.1667,0.3684,0.0,0.0,0.0,0.0,,0.3333,0.0,0.1818,0.3333,-0.25,0.0,,0.375,0.1875,0.2,0.0,0.25,0.2727,0.6,0.3333,1.0,-1.0,-0.2759,0.625,1.0,0.6,1.0,,0.5263,0.6818,0.0,,,0.6667,,-0.7273
Jaffna Public Library,1,0,0,2,0,0,1,0,0,0,1,0,0,0,0,1,16,2,0,0,0,0,0,0,0,0,2,0,0,0,0,5,0,2,0,17,5,1,0,2,1,3,4,4,2,1,0,0,1,1,0,2,0,2,1,3,4,0,2,2,2,1,0,0,3,4,2,2,9,9,1,9,6,2,0,0,0,0,1,0.0,,,1.0,,,1.0,,,,1.0,,,,,1.0,0.5625,0.0,,,,,,,,,0.5,,,,,0.4,,0.0,,0.3529,0.8,1.0,,-0.5,0.0,0.0,-0.25,-0.25,0.0,0.0,,,0.0,0.0,,0.5,,-0.5,0.0,-0.3333,0.25,,1.0,0.0,0.0,1.0,,,-0.3333,0.5,0.0,-1.0,0.5556,1.0,-1.0,0.2222,1.0,0.0,,,,,-1.0
Jami Ul-Alfar Mosque,0,0,0,1,0,0,0,1,0,0,0,1,0,0,0,0,16,0,0,0,0,0,0,0,2,0,7,0,0,0,12,3,0,0,0,11,6,1,1,4,280,3,4,1,5,18,2,0,8,0,26,53,4,3,2,16,3,1,16,20,7,1,0,0,90,14,2,1,1,17,4,10,11,4,0,0,0,0,6,,,,0.0,,,,0.0,,,,0.0,,,,,0.375,,,,,,,,1.0,,0.5714,,,,0.25,0.3333,,,,0.4545,0.5,0.0,1.0,0.0,0.4929,0.0,0.5,0.0,0.2,-0.3889,0.0,,0.875,,0.1538,0.1132,0.5,0.3333,0.0,0.5625,0.0,1.0,0.0625,0.05,0.1429,1.0,,,-0.9556,0.8571,-0.5,1.0,0.0,1.0,-1.0,0.5,1.0,0.5,,,,,-0.8333
Japanese Peace Pagoda - Rumassala,183,1,0,81,2,2,3,1,1,1,65,15,1,155,0,5,319,87,3,0,1,0,0,0,3,0,132,218,36,0,5,27,1,0,0,63,0,3,7,4,1,14,1,9,9,3,3,0,6,0,3,0,2,17,1,3,9,0,43,67,11,15,2,2,18,20,4,10,9,240,3,9,14,2,0,2,1,0,32,0.5191,1.0,,0.716,1.0,1.0,0.6667,0.0,1.0,0.0,0.2769,0.3333,0.0,0.4452,,1.0,0.8997,0.7471,0.3333,,1.0,,,,0.6667,,0.5076,0.5734,0.4722,,0.6,0.5185,1.0,,,0.6508,,1.0,0.5714,0.75,1.0,0.2857,0.0,0.0,0.3333,0.0,0.3333,,0.5,,0.6667,,0.5,0.2941,0.0,0.0,0.3333,,0.3256,0.3284,0.1818,0.5333,0.5,0.5,-0.3889,0.9,0.0,0.8,0.5556,0.9917,-1.0,0.5556,0.8571,0.0,,0.5,1.0,,-0.5625
Jaya Sri Maha Bodhi,0,9,0,1,2,0,0,1,0,0,0,2,1,1,0,0,9,2,0,1,0,0,0,0,1,0,82,26,118,0,2,11,1,16,1,1,0,6,0,2,0,10,12,14,31,3,2,0,0,0,4,0,3,3,2,24,5,0,2,11,7,3,0,0,47,12,10,1,16,59,3,9,24,11,0,1,2,0,32,,0.2222,,0.0,0.0,,,0.0,,,,0.0,0.0,0.0,,,0.3333,0.5,,0.0,,,,,1.0,,0.2805,0.1923,0.0763,,0.5,0.1818,0.0,0.1875,0.0,0.0,,0.8333,,0.0,,0.2,0.1667,0.1429,0.0645,0.0,0.5,,,,0.0,,0.3333,0.3333,-0.5,0.2917,0.0,,0.0,0.2727,0.0,0.3333,,,-0.7021,0.0,0.7,-1.0,0.375,1.0,-1.0,0.4444,0.6667,-0.0909,,0.0,1.0,,-0.7812
Jungle Beach,550,57,2,87,47,4,1,1,2,40,50,63,0,242,0,1,71,22,0,5,0,7,0,0,4,0,16,40,2,0,0,0,0,3,0,11,0,0,1,0,0,0,1,3,32,12,7,4,45,16,11,2,13,24,0,1,12,0,52,67,19,79,1,35,150,220,16,5,42,103,19,15,17,59,25,7,17,0,17,0.42,0.3509,0.5,0.2874,0.2766,0.5,0.0,0.0,0.5,0.125,0.14,0.1905,,0.2355,,0.0,0.5775,0.8636,,0.4,,-0.2857,,,0.25,,0.4375,0.3,0.0,,,,,0.6667,,0.2727,,,-1.0,,,,0.0,0.3333,0.2188,-0.0833,0.2857,0.75,0.2,0.375,0.1818,0.5,-0.0769,0.2917,,0.0,0.0833,,-0.0385,0.1045,0.2105,0.0506,0.0,0.2,-0.76,-0.6,-0.0625,1.0,0.3095,0.9806,-1.0,0.4667,-0.0588,0.2373,0.52,0.5714,-0.1176,,-0.4118
Kabalana Beach,27,10,0,3,18,0,0,0,0,0,0,0,0,0,0,0,1,1,0,0,0,0,0,0,0,0,0,0,0,0,0,1,0,0,0,0,0,0,0,0,0,0,0,0,5,0,0,0,7,5,1,0,1,7,0,0,2,0,1,1,0,0,0,0,2,8,2,1,4,4,1,4,1,4,0,2,0,0,1,0.8519,0.8,,0.3333,0.5556,,,,,,,,,,,,1.0,1.0,,,,,,,,,,,,,,0.0,,,,,,,,,,,,,0.2,,,,0.7143,0.8,0.0,,0.0,0.1429,,,0.0,,0.0,0.0,,,,,-1.0,0.75,0.0,1.0,0.5,1.0,-1.0,0.75,-1.0,0.5,,0.5,,,1.0
Kalametiya Eco Bird Watching,9,0,0,4,2,64,5,2,0,0,5,55,0,3,0,4,64,28,22,28,0,1,0,0,246,0,0,0,1,0,2,0,0,1,0,0,0,0,0,0,0,0,0,1,5,0,0,0,0,0,2,0,2,13,8,159,1,0,0,12,0,4,0,82,6,2,4,0,22,89,1,12,5,1,0,4,0,0,14,0.4444,,,0.5,1.0,0.6719,0.8,1.0,,,0.2,0.5273,,0.3333,,0.5,0.6875,0.6786,0.8182,0.75,,1.0,,,0.6341,,,,1.0,,0.5,,,0.0,,,,,,,,,,-1.0,0.8,,,,,,0.0,,0.5,0.1538,0.375,0.6981,0.0,,,0.3333,,0.5,,0.5244,-0.3333,-1.0,0.75,,0.7727,1.0,-1.0,0.8333,0.6,1.0,,0.5,,,-0.5
Kalutara Bodhiya,12,1,0,9,0,2,0,43,0,0,5,1,0,0,1,0,36,2,0,1,1,0,0,0,1,0,145,48,34,3,22,6,0,0,0,1,2,2,0,1,0,11,2,10,13,10,0,0,0,0,4,4,3,9,4,26,2,0,56,13,7,3,14,0,34,10,6,3,9,55,5,7,14,4,0,0,0,0,2,0.75,0.0,,0.5556,,1.0,,0.4884,,,0.4,0.0,,,1.0,,0.6944,1.0,,0.0,0.0,,,,0.0,,0.5034,0.3958,0.4412,1.0,0.5,0.5,,,,0.0,0.0,0.5,,1.0,,0.4545,0.0,0.2,-0.1538,-0.1,,,,,0.25,-0.25,-0.3333,0.3333,0.25,0.3846,-0.5,,0.1607,0.4615,0.2857,0.3333,0.4286,,-0.6765,1.0,1.0,1.0,0.1111,0.9636,-1.0,1.0,0.7143,0.75,,,,,-1.0
Kande Viharaya Temple,3,1,0,1,0,0,0,0,1,0,11,0,0,0,1,0,8,0,0,4,27,0,0,0,1,0,102,2,69,4,17,55,0,2,0,0,0,10,0,2,0,15,0,5,3,4,0,0,0,1,0,1,2,6,3,18,1,0,9,18,5,1,0,1,21,7,1,3,2,16,1,1,5,2,0,0,1,0,10,0.6667,1.0,,0.0,,,,,1.0,,0.3636,,,,1.0,,0.625,,,0.0,0.037,,,,1.0,,0.4804,1.0,0.4348,0.25,0.4706,0.4182,,0.0,,,,0.1,,0.5,,0.2,,0.4,0.3333,0.25,,,,1.0,,-1.0,0.5,0.3333,0.3333,0.4444,0.0,,0.1111,0.2222,0.6,0.0,,0.0,-0.6667,0.0,1.0,0.3333,0.0,1.0,-1.0,1.0,1.0,0.5,,,0.0,,-0.9
Kandy Lake,10,3,0,10,0,0,520,5,0,0,38,1,1,4,0,23,155,27,2,52,1,19,0,0,113,0,180,1,19,0,3,2,1,0,1,0,5,3,0,0,0,3,2,2,10,3,0,0,15,8,11,4,7,30,2,7,2,0,59,35,4,36,2,24,71,64,12,4,22,105,36,8,18,17,0,1,2,0,22,0.3,0.3333,,0.3,,,0.5635,0.2,,,0.4474,0.0,0.0,0.75,,0.5652,0.6452,0.7037,0.5,0.4808,0.0,0.1579,,,0.4248,,0.3833,1.0,0.4211,,0.0,0.5,0.0,,0.0,,0.0,0.3333,,,,0.6667,0.5,1.0,0.3,-0.3333,,,0.4,0.125,0.2727,0.0,0.2857,0.4667,0.5,0.5714,0.5,,-0.1695,0.2,0.0,0.3889,1.0,0.25,-0.7606,0.0625,0.8333,1.0,0.3636,0.9429,-1.0,0.375,0.4444,0.5882,,0.0,0.0,,-0.1364
Kandy View Point,1,0,0,3,0,0,217,3,0,0,80,1,2,10,1,181,431,30,4,0,4,1,0,0,20,0,108,1,58,1,2,44,0,0,0,0,2,3,0,1,0,1,2,6,16,15,0,0,21,1,12,2,35,27,2,14,3,0,42,62,5,5,0,1,32,8,9,6,5,11,1,2,19,12,1,0,0,0,18,0.0,,,0.6667,,,0.553,0.6667,,,0.525,0.0,0.5,0.4,0.0,0.4807,0.761,0.6333,1.0,,0.5,0.0,,,0.15,,0.4537,0.0,0.3448,0.0,0.0,0.3864,,,,,0.5,0.6667,,0.0,,0.0,0.5,0.6667,0.1875,-0.1333,,,0.381,0.0,0.0,0.0,0.1143,0.2963,-0.5,0.2857,-0.6667,,0.1429,0.1935,0.4,-0.2,,0.0,-0.6875,0.0,0.5556,0.3333,0.2,1.0,-1.0,0.5,0.7895,0.5833,-1.0,,,,-0.4444
Kanniya Hot Springs,4,1,0,0,0,1,1,0,0,0,2,1,0,0,0,0,7,0,0,0,0,0,0,0,0,0,10,1,4,0,0,2,0,4,0,0,0,0,0,0,1,8,6,33,45,17,16,15,1,0,13,6,27,3,0,8,4,2,11,10,5,7,0,1,45,44,5,3,16,8,2,3,13,9,2,9,0,0,208,-0.25,0.0,,,,-1.0,-1.0,,,,0.0,0.0,,,,,0.0,,,,,,,,,,0.0,-1.0,-0.5,,,-0.5,,0.25,,,,,,,0.0,0.125,-0.3333,-0.2121,-0.1111,-0.0588,-0.25,0.0,0.0,,0.3077,0.0,0.1111,-0.3333,,-0.125,-0.25,0.0,-0.3636,0.0,0.0,0.2857,,-1.0,-0.6,0.2955,0.4,1.0,0.1875,1.0,-1.0,-0.6667,1.0,0.1111,1.0,-0.2222,,,-0.9904
Kataragama Temple,3,9,0,1,0,0,1,25,1,0,6,2,0,9,0,0,4,1,0,9,22,0,0,0,6,2,199,19,14,1,2,6,0,1,0,0,0,3,0,3,24,89,1,4,8,13,1,0,1,0,10,3,17,15,1,9,2,0,16,14,0,4,4,0,60,18,6,3,16,30,4,7,11,13,0,6,0,0,20,0.0,-0.2222,,0.0,,,0.0,-0.04,0.0,,0.1667,0.0,,0.2222,,,0.0,0.0,,0.5556,0.2727,,,,0.3333,0.5,0.2462,0.1053,0.0714,1.0,0.0,0.3333,,1.0,,,,0.3333,,0.0,0.125,0.1348,1.0,0.0,0.375,0.1538,0.0,,0.0,,0.3,0.6667,-0.1176,0.2,0.0,0.1111,0.0,,0.0625,0.2857,,-0.25,0.0,,-0.7167,0.4444,0.1667,-0.3333,0.3125,1.0,-1.0,0.7143,0.6364,0.4615,,0.0,,,-0.8
Kaudulla National Park,1,1,0,3,1,0,77,14,0,0,3,7,0,36,0,1,49,8,1,175,481,3,0,0,170,4,2,0,0,0,11,0,1,2,2,0,0,0,0,0,0,0,0,20,61,1,2,0,1,0,2,0,0,43,8,78,3,0,62,3,1,45,0,0,52,4,19,0,39,23,8,6,31,2,0,5,0,0,31,0.0,1.0,,1.0,0.0,,0.2987,0.2857,,,0.3333,0.2857,,0.2778,,1.0,0.7347,0.25,0.0,0.3886,0.4906,1.0,,,0.3588,0.0,0.5,,,,0.3636,,1.0,0.5,0.5,,,,,,,,,0.15,0.2131,0.0,0.0,,0.0,,0.5,,,0.2093,0.25,0.4487,-0.3333,,0.129,0.3333,0.0,0.2222,,,-0.8269,-0.5,0.0,,0.4359,1.0,-1.0,0.5,0.4194,0.0,,0.0,,,-0.6452
Keerimalai Hot springs,19,1,0,45,1,2,1,1,0,0,2,4,0,0,0,0,11,2,0,1,0,0,0,0,0,0,19,0,0,0,0,0,0,2,0,0,0,0,0,0,0,18,0,4,8,3,5,6,0,0,1,1,0,3,1,3,1,1,8,11,4,0,0,0,14,37,3,2,12,3,3,1,4,1,2,2,0,0,39,0.3158,0.0,,0.3333,0.0,0.5,-1.0,1.0,,,0.0,-0.25,,,,,0.7273,0.5,,0.0,,,,,,,0.4211,,,,,,,1.0,,,,,,,,0.2222,,0.75,0.375,0.0,-0.2,-0.3333,,,0.0,0.0,,0.6667,1.0,0.3333,0.0,0.0,-0.125,0.2727,0.25,,,,-1.0,0.027,0.6667,1.0,-0.1667,1.0,-1.0,1.0,1.0,-1.0,1.0,0.0,,,-1.0
Kelaniya Raja Maha Vihara,1,10,0,2,0,0,0,54,0,0,2,1,0,1,0,0,18,1,0,1,9,0,0,0,1,0,399,44,225,46,116,65,0,2,0,3,1,8,0,1,2,25,8,5,14,17,4,0,1,0,6,0,4,6,3,17,0,0,13,18,4,5,2,2,87,27,4,8,20,134,6,8,10,6,0,1,2,0,15,1.0,-0.2,,1.0,,,,0.1852,,,0.5,0.0,,1.0,,,0.6111,1.0,,0.0,0.5556,,,,-1.0,,0.4085,0.1591,0.2444,0.5435,0.5431,0.4308,,0.0,,0.0,0.0,-0.125,,0.0,-0.5,0.36,0.25,0.2,0.0714,0.0,0.0,,0.0,,0.0,,-0.25,0.8333,0.3333,0.4118,,,0.3846,0.2778,0.25,0.2,1.0,0.5,-0.7816,0.3704,0.25,1.0,0.2,0.9701,-1.0,0.625,0.8,0.3333,,1.0,0.0,,-0.8667
Kiri Vehera,0,0,0,0,0,0,0,1,0,0,0,0,1,0,1,0,0,0,0,0,0,0,0,0,0,0,11,11,2,0,0,1,0,0,0,0,0,0,0,0,0,2,2,0,0,1,0,0,0,0,1,0,2,0,0,0,0,0,1,0,1,0,0,0,5,0,0,0,1,5,0,0,1,1,0,0,0,0,3,,,,,,,,0.0,,,,,0.0,,0.0,,,,,,,,,,,,0.0,0.4545,0.5,,,0.0,,,,,,,,,,0.0,0.0,,,0.0,,,,,0.0,,0.0,,,,,,0.0,,0.0,,,,-0.6,,,,1.0,1.0,,,1.0,0.0,,,,,-1.0
Kirinda Viharaya,25,1,0,34,4,0,0,0,0,2,3,27,0,0,0,0,34,2,0,0,0,0,0,0,0,0,48,3,11,0,1,11,4,0,0,0,0,0,0,0,0,3,0,0,0,0,0,0,0,0,0,0,0,1,0,0,0,0,5,1,6,1,0,3,5,1,6,0,1,11,0,0,3,2,0,1,2,0,9,0.56,0.0,,0.4412,0.0,,,,,1.0,0.0,0.3333,,,,,0.6176,0.5,,,,,,,,,0.4792,0.3333,0.1818,,1.0,0.4545,0.5,,,,,,,,,0.0,,,,,,,,,,,,0.0,,,,,0.2,1.0,0.1667,0.0,,0.0,-0.6,1.0,-0.8333,,1.0,1.0,,,1.0,0.5,,0.0,-1.0,,-0.7778
Knuckles Mountain Range,1,0,0,1,0,0,7,12,76,0,147,14,2,31,34,7,129,1,5,21,4,0,0,0,27,11,0,0,0,0,0,0,0,0,0,0,1,0,0,0,0,0,13,4,9,0,6,0,1,0,1,0,1,31,3,72,6,0,29,14,9,39,0,2,5,11,7,4,10,16,1,16,10,26,5,5,0,47,58,0.0,,,0.0,,,0.4286,0.4167,0.4868,,0.4966,0.6429,0.5,0.4516,0.5,0.5714,0.7519,1.0,0.6,0.3333,0.0,,,,0.3704,0.1818,,,,,,,,,,,0.0,,,,,,0.2308,-0.5,0.0,,-0.5,,0.0,,1.0,,1.0,0.4194,0.0,0.3056,0.3333,,0.1724,-0.0714,0.0,0.4615,,0.0,-0.6,0.4545,0.4286,0.5,0.1,1.0,-1.0,0.75,-0.2,0.7308,1.0,0.4,,-0.8511,-0.4655
Koggala Lake,7,1,0,0,1,0,64,1,0,0,1,0,0,1,1,0,9,3,1,20,1,2,1,0,24,1,33,0,3,0,1,1,0,0,0,0,0,0,0,0,0,0,0,2,40,0,0,0,2,1,5,0,0,8,1,18,1,0,1,16,0,2,2,59,1,1,3,0,11,15,2,9,27,0,0,1,0,0,6,0.2857,0.0,,,0.0,,0.4375,0.0,,,0.0,,,0.0,0.0,,0.6667,0.6667,1.0,0.45,1.0,0.0,0.0,,0.25,1.0,0.5455,,0.0,,1.0,0.0,,,,,,,,,,,,0.0,0.075,,,,0.0,0.0,-0.4,,,0.25,0.0,0.2222,0.0,,0.0,0.125,,0.0,0.0,0.3729,-1.0,-1.0,0.3333,,0.2727,0.8667,-1.0,-0.1111,-0.7778,,,0.0,,,-0.5
Kosgoda Sea Turtle Conservation Project,84,29,0,229,2,0,21,3,0,0,0,0,0,0,0,0,8,24,0,86,2,477,1,1,5,0,0,0,0,0,0,2,0,0,0,1,0,2,0,0,0,0,0,45,87,1,2,0,2,0,26,11,10,17,17,86,9,1,29,16,2,5,0,5,9,28,27,37,98,4,0,77,36,24,0,2,1,0,6,0.4405,0.3448,,0.3537,0.0,,0.2857,0.3333,,,,,,,,,0.375,0.4583,,0.5698,0.5,0.5325,0.0,0.0,0.2,,,,,,,0.5,,,,0.0,,0.5,,,,,,0.2667,0.2184,-1.0,0.0,,0.0,,0.4231,0.0909,0.1,0.4706,0.3529,0.4767,0.1111,-1.0,0.3103,0.125,0.5,0.2,,-0.2,-0.8889,-0.0714,0.1111,0.2703,0.6122,1.0,,0.5844,0.0556,0.375,,1.0,-1.0,,-0.8333
Kumana National Park,8,2,0,4,2,2,3,8,0,0,0,5,2,15,0,2,19,0,0,64,57,3,0,0,79,62,3,0,0,0,4,2,0,2,0,0,1,0,0,0,0,1,0,6,15,0,0,0,1,0,0,0,0,6,1,23,3,0,25,2,0,6,1,0,17,6,3,1,6,12,1,5,7,5,1,2,1,0,4,0.25,-0.5,,0.0,0.5,0.5,1.0,0.375,,,,0.0,0.0,0.4,,0.0,0.5263,,,0.4688,0.1754,0.3333,,,0.4051,0.1935,0.0,,,,0.5,0.0,,-0.5,,,0.0,,,,,0.0,,0.1667,0.0,,,,0.0,,,,,0.5,0.0,0.2609,0.0,,0.16,0.0,,-0.1667,0.0,,-0.2941,-0.6667,0.6667,1.0,0.3333,1.0,-1.0,0.6,0.4286,1.0,1.0,0.0,0.0,,-1.0
Laxapana Falls,0,0,0,0,0,0,2,2,18,0,4,3,0,0,0,1,10,0,0,0,0,0,0,0,0,0,0,0,0,0,0,0,0,0,0,0,0,0,0,0,0,0,0,0,1,1,2,0,2,1,3,0,0,2,0,0,1,0,9,0,9,1,2,0,0,4,5,0,1,3,0,0,1,1,0,0,0,1,3,,,,,,,0.5,0.0,0.7222,,0.25,1.0,,,,1.0,0.6,,,,,,,,,,,,,,,,,,,,,,,,,,,,1.0,0.0,1.0,,0.5,0.0,-0.3333,,,0.5,,,0.0,,0.4444,,0.5556,0.0,0.5,,,0.5,0.2,,-1.0,1.0,,,1.0,1.0,,,,-1.0,-1.0
Lipton’s Seat,5,0,0,12,1,0,4,2,1,0,116,4,0,2,193,62,415,4,61,2,0,0,0,0,1,0,2,0,0,0,2,25,0,1,0,0,4,0,1,0,0,3,1,26,101,5,21,0,16,34,35,0,3,25,3,15,9,0,142,246,6,29,1,0,13,7,13,3,31,21,0,15,34,37,0,2,0,1,78,0.8,,,0.6667,1.0,,0.25,0.5,0.0,,0.4569,0.5,,0.0,0.5855,0.6613,0.7928,0.75,0.5738,0.5,,,,,0.0,,1.0,,,,0.5,0.28,,1.0,,,0.5,,0.0,,,0.6667,1.0,0.1538,0.2574,0.2,-0.0952,,0.625,0.4118,0.3429,,0.3333,0.24,0.0,0.3333,0.2222,,0.1972,0.2927,0.3333,0.2759,0.0,,-0.8462,-0.1429,0.0769,1.0,0.4839,1.0,,0.2667,0.2353,0.7027,,0.0,,-1.0,-0.1795
Little Adam's Peak View Point,1,3,0,4,0,0,1,1,14,0,362,97,1,2,78,30,591,51,87,2,1,0,0,0,5,1,7,1,18,0,0,11,0,2,0,0,0,0,0,0,0,7,1,8,31,8,8,0,10,16,3,2,9,56,3,19,38,0,33,51,190,141,34,0,60,21,10,13,51,26,4,9,27,20,0,2,0,2,92,1.0,0.3333,,0.25,,,0.0,0.0,0.5,,0.4724,0.5155,0.0,0.5,0.4615,0.5333,0.8663,0.6275,0.6092,0.5,0.0,,,,0.8,0.0,0.2857,0.0,0.6111,,,0.4545,,0.0,,,,,,,,0.8571,1.0,0.375,0.2258,0.125,0.5,,0.0,0.3125,0.3333,-0.5,0.0,0.2857,0.3333,0.4211,0.3684,,0.2424,0.098,0.1895,0.4539,0.4118,,-0.8167,0.0476,0.6,1.0,0.2941,0.9231,-1.0,0.7778,0.4815,0.4,,0.0,,-1.0,-0.5
Lovamahapaya Brazen Palace,0,0,0,0,0,0,0,0,0,0,0,0,0,0,0,0,3,0,0,0,0,0,0,0,0,0,1,3,0,0,0,1,0,8,0,0,0,1,0,0,0,1,1,0,0,0,1,0,0,0,0,0,0,1,0,0,1,0,1,0,0,2,0,1,0,0,0,0,0,0,0,0,0,0,0,0,1,0,1,,,,,,,,,,,,,,,,,0.0,,,,,,,,,,0.0,0.0,,,,0.0,,0.0,,,,0.0,,,,0.0,1.0,,,,0.0,,,,,,,0.0,,,0.0,,0.0,,,0.0,,0.0,,,,,,,,,,,,,0.0,,-1.0
Lover's Leap Falls,0,0,0,3,0,0,11,1,267,0,51,32,0,12,115,5,180,1,0,0,0,0,0,0,5,0,5,0,0,0,0,0,0,0,0,0,0,0,0,0,0,5,0,8,20,14,0,0,4,0,2,1,2,10,2,17,13,0,81,97,5,69,1,0,14,9,13,5,25,25,1,3,15,3,1,0,0,1,50,,,,-0.3333,,,0.1818,1.0,0.5768,,0.3922,0.2812,,0.25,0.513,0.2,0.7444,0.0,,,,,,,0.4,,0.4,,,,,,,,,,,,,,,0.0,,0.25,0.05,-0.2857,,,0.75,,0.0,1.0,-0.5,0.4,0.5,0.4118,0.0,,0.1728,0.1856,0.4,0.1884,0.0,,-0.5714,0.1111,-0.2308,1.0,0.4,1.0,-1.0,0.6667,0.8667,1.0,1.0,,,-1.0,-0.44
Lunugamvehera National Park,0,0,0,2,0,0,8,1,0,0,0,0,0,8,0,0,12,0,0,22,23,1,0,0,29,29,0,0,0,0,2,0,0,0,0,0,0,0,0,0,0,0,0,3,6,1,0,0,0,0,0,0,0,2,0,7,1,0,2,0,0,3,0,0,12,0,0,0,0,8,1,2,1,1,0,0,0,0,3,,,,0.0,,,0.375,0.0,,,,,,0.375,,,0.6667,,,0.4091,0.0435,0.0,,,0.3448,0.2069,,,,,0.0,,,,,,,,,,,,,-0.3333,0.0,0.0,,,,,,,,1.0,,0.4286,1.0,,0.0,,,-0.3333,,,-0.4167,,,,,1.0,-1.0,0.5,-1.0,0.0,,,,,-0.3333
Madu River Safari by Buddhi,19,1,0,19,2,12,41,301,1,0,3,3,18,19,0,0,54,7,0,94,0,4,2,0,140,0,162,1,20,0,0,6,0,1,0,1,0,2,0,0,0,15,3,5,129,2,2,0,9,0,36,7,10,24,14,74,1,0,12,7,2,2,26,283,12,19,11,2,51,42,10,21,70,14,0,2,0,0,34,0.4211,0.0,,0.2632,1.0,0.5,0.439,0.4817,0.0,,0.0,0.3333,0.2778,0.4211,,,0.6667,0.8571,,0.3085,,0.25,0.0,,0.3143,,0.3333,0.0,0.5,,,0.6667,,0.0,,1.0,,0.5,,,,0.2667,0.3333,0.0,0.2946,0.5,0.5,,0.2222,,0.3611,0.1429,0.2,0.375,0.2857,0.473,1.0,,0.0833,-0.1429,0.5,0.0,0.1154,0.371,-1.0,-0.2632,0.8182,0.0,0.3529,1.0,-1.0,0.7143,-0.5714,0.4286,,0.5,,,-0.4118
Maduru Oya National Park,0,0,0,0,0,0,6,0,0,0,0,0,0,1,0,1,8,1,1,13,24,0,0,0,8,0,2,0,0,0,1,0,0,1,0,0,0,2,0,0,0,0,0,3,4,0,1,0,0,0,0,0,0,3,0,2,1,0,10,0,0,2,0,0,6,1,0,0,4,3,0,0,2,1,0,2,0,0,1,,,,,,,0.6667,,,,,,,0.0,,1.0,0.75,1.0,1.0,0.1538,0.1667,,,,0.25,,-0.5,,,,0.0,,,-1.0,,,,0.0,,,,,,0.0,0.25,,0.0,,,,,,,0.6667,,0.5,-1.0,,-0.4,,,0.5,,,0.0,1.0,,,0.5,1.0,,,-1.0,1.0,,-0.5,,,-1.0
Maha Saman Dewalaya,0,0,0,0,0,0,0,0,0,0,1,1,0,0,0,0,0,0,0,0,2,0,0,0,0,0,12,2,5,2,1,2,0,1,1,0,0,1,0,0,0,6,1,0,0,1,0,0,0,0,1,0,1,0,0,1,0,0,6,0,1,0,0,0,3,0,0,0,2,10,0,1,1,0,0,0,0,0,0,,,,,,,,,,,0.0,1.0,,,,,,,,,0.5,,,,,,0.6667,0.0,0.4,0.5,1.0,0.5,,0.0,0.0,,,1.0,,,,0.1667,1.0,,,0.0,,,,,0.0,,0.0,,,1.0,,,0.1667,,0.0,,,,-1.0,,,,0.5,1.0,,1.0,1.0,,,,,,
Maligawila Buddha Statue,0,0,0,0,0,0,0,0,0,0,0,7,0,3,0,0,3,0,0,0,0,0,0,0,0,0,2,0,22,0,0,21,0,7,0,0,0,0,0,0,0,0,2,0,0,1,0,0,0,0,0,0,0,1,0,3,0,0,3,1,1,1,0,0,3,2,0,0,2,1,0,0,11,0,0,0,0,0,1,,,,,,,,,,,,0.5714,,0.3333,,,0.6667,,,,,,,,,,0.5,,0.7273,,,0.7619,,0.7143,,,,,,,,,1.0,,,1.0,,,,,,,,0.0,,0.3333,,,1.0,0.0,1.0,1.0,,,-0.3333,1.0,,,0.0,1.0,,,1.0,,,,,,-1.0
Marble Beach,306,40,0,78,26,0,3,1,1,3,7,12,0,3,0,1,37,1,4,3,1,0,2,1,4,0,3,0,0,0,0,0,0,0,0,0,0,0,1,0,0,1,1,32,44,12,20,2,37,3,5,1,0,85,0,1,5,0,18,15,1,2,1,3,67,122,54,7,46,65,2,36,19,64,21,23,8,0,18,0.683,0.625,,0.6923,0.6154,,0.3333,1.0,0.0,0.6667,0.7143,0.6667,,0.0,,0.0,0.7027,0.0,0.25,1.0,0.0,,1.0,1.0,0.0,,1.0,,,,,,,,,,,,1.0,,,1.0,1.0,0.25,0.4091,0.4167,0.15,0.5,0.4054,0.3333,0.0,0.0,,0.3647,,1.0,0.2,,0.2222,0.3333,0.0,1.0,0.0,0.6667,-0.5522,0.8197,0.9259,0.7143,0.5217,0.9692,-1.0,0.7778,0.1579,0.5938,1.0,0.3913,0.125,,-0.8889
Matara Paravi Duwa Temple,17,2,0,21,3,0,0,0,0,0,1,3,0,0,0,1,35,2,0,0,0,0,0,0,0,0,50,0,3,0,0,2,0,0,0,0,0,0,0,0,0,0,0,11,5,0,0,0,1,0,2,0,2,2,0,1,1,0,4,11,5,2,30,0,5,1,4,5,3,7,1,2,1,2,0,0,0,0,2,0.4118,0.5,,0.619,0.3333,,,,,,0.0,0.3333,,,,1.0,0.9429,1.0,,,,,,,,,0.56,,0.6667,,,0.0,,,,,,,,,,,,0.1818,0.2,,,,1.0,,0.0,,0.0,1.0,,1.0,1.0,,0.25,0.2727,-0.2,-0.5,0.4,,-1.0,1.0,-0.5,1.0,-0.3333,1.0,-1.0,0.0,1.0,0.5,,,,,-1.0
Mihintale,2,12,0,0,0,0,4,1,0,0,89,177,17,4,0,26,280,95,16,7,0,0,0,0,3,0,104,133,109,0,0,62,2,58,1,0,0,7,0,0,0,6,12,38,55,33,3,0,1,2,7,0,3,10,5,77,4,0,14,48,190,14,2,0,48,9,12,5,20,49,1,9,12,10,0,5,0,0,93,-0.5,-0.5,,,,,0.5,1.0,,,0.4157,0.2994,0.1176,0.0,,0.2308,0.7893,0.6737,0.625,0.4286,,,,,0.3333,,0.4712,0.4662,0.4587,,,0.5645,1.0,0.4138,1.0,,,0.7143,,,,0.0,0.6667,0.2368,0.1818,0.0606,0.3333,,1.0,0.5,0.0,,0.3333,0.4,0.6,0.4545,-0.25,,0.2857,0.25,0.2474,0.3571,1.0,,-0.4792,0.5556,-0.25,0.6,0.45,1.0,-1.0,0.5556,0.3333,0.3,,0.0,,,-0.8495
Minneriya National Park,0,0,0,3,0,0,95,10,0,0,6,10,0,46,0,4,63,6,2,222,569,3,0,0,209,18,0,0,0,0,4,2,0,6,0,0,0,2,0,0,0,0,1,29,66,9,2,0,0,0,1,0,2,42,13,118,3,0,51,3,1,40,0,0,60,7,17,0,69,19,10,16,41,5,0,8,1,0,35,,,,0.3333,,,0.2947,0.4,,,0.3333,0.3,,0.2826,,0.5,0.746,0.8333,0.0,0.3739,0.4675,0.3333,,,0.3206,0.0556,,,,,0.0,1.0,,0.0,,,,0.0,,,,,1.0,0.0345,-0.0303,0.0,0.0,,,,0.0,,0.5,0.1667,0.6154,0.5,0.0,,0.1765,0.0,0.0,0.225,,,-0.7333,-1.0,0.3529,,0.2754,0.8947,-1.0,0.4375,0.122,0.4,,0.5,0.0,,-0.6
Mirissa Beach,552,111,1,125,211,1,0,4,0,10,31,43,0,0,1,3,84,74,7,9,1,37,45,11,1,0,1,0,0,0,0,0,0,1,0,0,0,0,0,0,0,0,0,3,33,0,3,0,237,25,19,2,9,60,1,5,3,0,23,22,5,5,2,12,103,160,38,3,68,53,26,27,50,115,17,14,30,0,35,0.7301,0.7387,1.0,0.456,0.5308,1.0,,-0.25,,0.1,0.5161,0.5581,,,0.0,1.0,0.6667,0.7568,1.0,0.4444,0.0,0.2973,0.4,0.3636,1.0,,0.0,,,,,,,0.0,,,,,,,,,,1.0,0.5455,,0.6667,,0.5401,0.56,0.0,0.0,0.2222,0.1833,1.0,0.8,0.0,,-0.0435,0.1364,0.0,0.4,0.5,0.0833,-0.7087,0.5875,0.1053,1.0,0.5147,0.9623,-1.0,0.5926,0.4,0.7043,1.0,0.7143,0.0667,,-0.1714
Moon Plains,0,0,0,2,0,0,9,0,1,0,79,3,0,6,1,39,123,1,4,27,0,0,0,0,10,1,0,0,0,0,0,0,0,0,0,0,0,0,0,0,0,0,0,20,58,4,5,0,0,0,2,0,0,2,4,17,5,1,20,3,3,3,0,0,7,9,2,2,22,5,1,13,15,1,0,0,0,0,27,,,,-0.5,,,0.0,,0.0,,0.481,0.6667,,0.1667,0.0,0.3077,0.6585,0.0,0.75,0.1852,,,,,0.1,0.0,,,,,,,,,,,,,,,,,,-0.1,0.0517,0.25,0.2,,,,-0.5,,,0.5,0.0,0.1765,-0.2,1.0,0.1,0.3333,0.0,0.0,,,-0.5714,0.1111,1.0,1.0,0.6364,1.0,-1.0,0.1538,-0.4667,0.0,,,,,-0.4074
Moonstone or Sandakada pahana,0,0,0,0,0,0,1,0,0,0,0,3,0,1,0,0,0,0,0,15,7,0,0,0,0,0,12,2,1,0,0,29,0,7,0,0,0,0,0,0,0,0,3,0,1,0,0,0,0,0,1,1,2,1,1,6,2,0,1,2,5,0,0,0,1,1,0,0,0,1,0,0,0,0,0,0,0,0,3,,,,,,,0.0,,,,,0.0,,0.0,,,,,,0.3333,0.1429,,,,,,0.0833,0.0,0.0,,,0.5517,,0.1429,,,,,,,,,0.3333,,0.0,,,,,,0.0,0.0,0.5,1.0,0.0,0.3333,0.0,,0.0,0.5,0.6,,,,-1.0,1.0,,,,1.0,,,,,,,,,-1.0
Mount Lavinia Beach,428,74,0,131,40,0,0,4,1,0,3,5,0,0,0,0,79,77,1,2,1,5,0,0,2,1,0,0,0,0,0,0,0,0,0,6,16,0,0,0,0,0,2,5,19,7,8,2,171,12,10,3,14,165,0,4,7,0,8,23,3,18,4,14,87,142,52,7,71,48,5,59,26,135,3,2,25,0,29,0.6612,0.3514,,0.4656,0.35,,,0.25,0.0,,0.3333,0.6,,,,,0.7089,0.7143,1.0,-0.5,1.0,0.0,,,0.5,1.0,,,,,,,,,,0.3333,0.6875,,,,,,0.5,0.4,0.3158,0.0,0.25,0.0,0.5146,0.5,0.4,0.3333,0.1429,0.5697,,-0.25,0.1429,,0.25,0.3043,0.3333,0.1667,0.5,0.0714,-0.7701,0.338,0.4231,1.0,0.5493,0.9583,-1.0,0.5932,-0.2308,0.6741,0.3333,0.5,-0.04,,-0.6552
Mulgirigala Raja Maha Vihara,22,1,0,3,0,1,2,1,0,0,22,165,114,13,0,5,199,16,0,0,2,0,0,0,3,0,231,11,81,28,111,56,86,6,0,0,1,6,0,0,0,14,0,41,74,13,6,0,0,0,1,0,7,9,8,104,3,0,8,58,159,30,0,0,21,12,4,5,18,52,0,9,17,4,0,2,1,0,23,0.6364,1.0,,0.3333,,0.0,0.0,1.0,,,0.5,0.5333,0.614,0.6154,,0.8,0.794,0.8125,,,0.5,,,,0.3333,,0.6017,0.5455,0.4568,0.6786,0.7027,0.625,0.5349,0.3333,,,1.0,-0.1667,,,,0.2857,,0.439,0.3649,0.2308,-0.1667,,,,0.0,,0.0,0.4444,0.5,0.5192,0.6667,,0.625,0.5172,0.2075,0.6,,,-0.7143,-0.5,0.5,1.0,0.4444,1.0,,0.2222,0.2941,0.0,,0.5,1.0,,-1.0
Muthurajawela Marsh,12,1,0,7,0,86,0,13,0,0,0,1,0,7,0,0,23,5,2,72,0,0,0,0,181,0,0,0,0,0,0,0,0,0,0,1,0,3,0,1,0,0,0,4,37,0,2,0,4,0,1,7,2,24,11,112,3,0,6,29,1,4,2,135,7,15,3,2,11,28,6,16,17,1,0,7,3,0,21,0.4167,0.0,,0.4286,,0.4186,,0.4615,,,,1.0,,0.1429,,,0.6087,0.6,1.0,0.4722,,,,,0.4696,,,,,,,,,,,0.0,,0.0,,0.0,,,,0.25,0.2703,,0.5,,0.25,,1.0,0.1429,1.0,0.4583,0.8182,0.5268,0.3333,,0.5,0.1724,1.0,1.0,0.0,0.4222,-0.8571,-0.3333,0.6667,0.0,0.6364,0.9286,-1.0,0.75,0.0588,1.0,,0.1429,0.0,,-0.7619
Nagadipa Purana Vihara,2,1,0,11,0,1,0,0,0,0,2,1,0,0,0,0,14,0,0,1,1,0,0,0,0,0,124,6,48,2,4,7,0,1,0,0,0,11,0,2,2,54,2,6,31,2,2,0,0,2,1,1,2,2,0,4,2,0,18,23,1,0,2,103,16,10,17,1,4,16,2,12,4,7,0,1,0,0,10,0.0,-1.0,,0.0,,1.0,,,,,0.5,0.0,,,,,0.4286,,,-1.0,0.0,,,,,,0.3548,0.6667,0.1667,0.5,0.75,0.4286,,0.0,,,,0.3636,,0.0,0.0,0.2222,0.0,0.1667,0.0,0.0,0.5,,,0.5,0.0,1.0,0.5,0.0,,0.25,0.5,,0.2778,0.087,0.0,,0.5,0.068,-0.9375,0.6,-0.1176,0.0,0.0,1.0,-1.0,-0.4167,0.0,0.0,,0.0,,,-0.6
Nalanda Gedige,0,0,0,0,0,0,49,5,0,0,2,5,1,5,0,0,16,0,0,4,2,0,0,0,2,0,101,7,14,0,0,31,1,15,0,0,0,13,0,0,0,46,8,13,10,10,0,0,0,0,0,0,0,1,1,15,5,0,28,5,1,7,0,0,13,1,0,5,3,40,0,1,41,2,0,1,10,0,4,,,,,,,0.449,0.0,,,0.5,0.0,1.0,0.4,,,0.3125,,,0.25,0.5,,,,0.0,,0.4257,0.2857,0.4286,,,0.5484,1.0,0.3333,,,,0.4615,,,,0.2609,0.625,0.6154,0.7,0.8,,,,,,,,0.0,0.0,0.0667,0.4,,0.0714,0.4,0.0,0.5714,,,-0.2308,1.0,,-1.0,0.3333,1.0,,1.0,0.9512,0.5,,0.0,0.5,,-0.75
Nallur Kandaswamy Kovil Festival,0,2,0,0,0,0,0,0,0,0,0,0,0,0,0,0,0,0,0,0,0,0,0,0,1,0,13,0,0,0,0,1,0,0,0,0,0,0,0,0,0,9,1,0,0,0,0,0,0,0,0,0,1,1,0,0,0,0,2,0,0,0,0,0,4,2,1,0,2,1,0,0,0,1,0,0,1,0,0,,0.5,,,,,,,,,,,,,,,,,,,,,,,0.0,,0.5385,,,,,1.0,,,,,,,,,,0.5556,0.0,,,,,,,,,,0.0,0.0,,,,,0.0,,,,,,-0.75,1.0,0.0,,0.5,1.0,,,,1.0,,,0.0,,
Negombo Beach,543,123,2,142,67,5,0,4,0,1,4,3,0,0,0,0,49,92,1,4,1,4,1,0,8,0,3,0,1,0,1,0,0,2,0,5,2,0,0,5,0,1,2,2,23,4,4,0,90,8,13,14,49,150,3,6,4,0,20,10,6,1,0,62,45,325,44,5,70,44,6,21,26,75,4,12,24,0,25,0.2928,0.374,1.0,0.0634,0.1642,0.0,,-0.25,,0.0,0.0,0.3333,,,,,0.5714,0.5761,1.0,-0.5,0.0,0.0,0.0,,0.0,,0.3333,,1.0,,0.0,,,0.0,,0.4,0.5,,,-0.2,,1.0,-0.5,0.5,-0.1304,0.0,0.25,,0.3778,-0.25,0.0769,0.5714,0.0408,0.3,0.3333,0.6667,-0.5,,0.3,-0.1,0.0,-1.0,,0.3065,-0.4889,-0.3354,-0.1364,1.0,0.2571,0.9545,-1.0,0.381,0.3077,0.4,-0.5,0.1667,-0.5417,,-0.4
Negombo Fish Market,93,8,0,56,1,11,0,0,0,2,3,2,0,0,0,1,7,0,1,8,0,0,0,0,20,1,5,0,0,0,0,2,0,2,1,5,1,1,0,2,0,0,1,5,42,3,0,0,14,0,9,282,32,29,9,46,1,0,8,31,5,3,5,59,52,44,4,0,15,2,11,5,22,60,0,1,0,0,23,0.3763,0.125,,0.3214,0.0,0.0,,,,1.0,0.3333,0.5,,,,0.0,0.4286,,0.0,0.125,,,,,0.25,1.0,0.8,,,,,1.0,,0.5,0.0,0.0,1.0,0.0,,0.5,,,0.0,0.6,0.4286,0.0,,,0.5,,0.3333,0.3191,0.1875,0.2414,0.6667,0.2609,0.0,,0.375,0.3548,0.0,0.6667,0.2,0.4237,-0.9808,-0.4773,0.25,,0.3333,0.0,-1.0,0.2,1.0,0.5,,1.0,,,-0.6957
Nilavarai Bottomless Well,0,0,0,5,0,0,4,2,0,0,0,0,3,0,0,0,2,0,0,0,0,0,0,0,1,0,5,0,0,0,1,0,0,1,0,1,0,0,0,0,0,3,1,9,5,3,0,0,2,0,3,1,3,2,0,3,4,0,5,5,3,2,0,0,1,17,2,1,2,1,0,2,2,0,4,13,0,0,3,,,,0.4,,,0.0,0.5,,,,,-0.3333,,,,1.0,,,,,,,,0.0,,-0.2,,,,0.0,,,0.0,,0.0,,,,,,0.0,-1.0,-0.1111,0.6,-0.3333,,,0.0,,0.0,1.0,0.6667,1.0,,0.0,0.25,,0.0,0.2,0.0,0.0,,,-1.0,-0.5294,0.0,1.0,1.0,1.0,,0.5,0.0,,-0.5,-0.1538,,,-1.0
Nilaveli Beach,260,74,0,63,46,0,0,1,0,9,0,4,0,1,0,0,24,3,10,1,1,1,3,2,2,0,0,0,0,0,0,0,0,1,0,0,0,0,0,0,0,0,0,1,14,4,2,1,33,5,10,1,4,71,0,1,1,0,9,9,0,1,0,26,31,118,27,1,27,80,2,5,10,24,9,22,9,0,12,0.75,0.5946,,0.5714,0.5,,,1.0,,0.4444,,0.0,,1.0,,,0.7917,0.0,0.6,1.0,1.0,1.0,0.6667,1.0,0.0,,,,,,,,,0.0,,,,,,,,,,1.0,0.5,0.75,0.5,0.0,0.2424,-0.2,0.1,0.0,0.25,0.2958,,1.0,0.0,,0.5556,0.2222,,0.0,,0.3462,-0.5161,0.3814,0.4074,1.0,0.5556,0.975,-1.0,0.6,0.0,0.3333,1.0,0.5,0.0,,0.25
Nine Arches Bridge,1,0,0,4,5,0,0,3,5,0,93,13,3,55,38,19,239,6,3,1,0,0,0,0,3,0,1,0,0,0,1,1,0,1,0,1,36,0,0,0,0,2,3,5,32,11,3,0,4,31,7,0,11,19,5,25,19,1,69,116,31,174,440,0,93,11,29,11,20,27,7,10,24,4,0,5,0,8,45,0.0,,,0.0,0.4,,,0.3333,0.6,,0.3978,0.2308,0.6667,0.4364,0.6053,0.4211,0.6987,0.5,0.6667,-1.0,,,,,0.6667,,0.0,,,,0.0,1.0,,0.0,,1.0,0.5556,,,,,0.5,1.0,0.6,0.3125,0.0,0.6667,,0.5,0.3871,0.2857,,0.0,0.3158,0.4,0.56,0.0,0.0,0.1014,0.2414,0.1935,0.3333,0.4773,,-0.8925,-0.2727,-0.0345,0.5455,0.55,1.0,-1.0,0.3,0.25,0.5,,0.4,,-0.375,-0.5333
Old Parliament Building,33,0,0,51,0,0,14,1,0,0,0,0,0,0,0,1,32,4,0,0,0,0,0,0,5,0,1,0,0,0,0,29,0,0,0,30,69,2,7,0,0,0,8,0,1,4,0,0,1,1,3,1,3,41,0,2,0,0,23,6,0,0,0,2,6,13,3,1,4,6,0,3,2,1,0,0,1,0,1,0.3333,,,0.2941,,,0.2857,1.0,,,,,,,,1.0,0.625,0.0,,,,,,,0.2,,0.0,,,,,0.2414,,,,0.3,0.3478,0.0,0.1429,,,,0.875,,0.0,0.0,,,0.0,1.0,0.0,1.0,0.6667,0.3659,,0.0,,,0.1739,0.3333,,,,0.5,-0.8333,0.8462,1.0,1.0,0.25,1.0,,0.3333,1.0,1.0,,,0.0,,-1.0
Pasikudah Beach,93,28,0,36,21,0,1,0,0,19,0,1,0,0,0,2,12,4,11,0,1,1,2,1,0,0,0,0,0,0,2,0,0,1,0,0,0,0,0,0,0,0,0,1,7,0,0,3,3,1,2,0,3,46,0,1,1,0,3,0,1,0,0,10,16,32,17,3,16,32,0,4,4,9,5,25,6,0,8,0.7527,0.5357,,0.3333,0.5238,,1.0,,,0.4737,,-1.0,,,,0.0,0.8333,0.75,0.7273,,0.0,1.0,0.5,1.0,,,,,,,1.0,,,0.0,,,,,,,,,,0.0,0.4286,,,0.0,0.6667,0.0,0.0,,0.6667,0.3913,,1.0,-1.0,,0.0,,0.0,,,0.8,-0.3125,0.625,0.9412,1.0,0.625,1.0,,0.25,-0.5,0.4444,1.0,0.6,0.3333,,0.0
Passikudah Beach,365,104,0,135,43,4,3,1,0,60,2,9,0,0,0,0,28,9,28,2,2,0,0,0,0,0,0,1,0,0,0,0,0,0,0,1,0,1,0,0,0,0,0,0,15,5,2,1,18,1,11,1,8,155,0,2,7,0,4,2,1,1,1,31,53,123,82,3,61,118,3,22,19,25,17,57,9,0,37,0.7479,0.5096,,0.5259,0.3488,0.5,-0.3333,1.0,,0.3167,0.0,0.2222,,,,,0.6071,0.5556,0.5,0.0,0.5,,,,,,,0.0,,,,,,,,0.0,,1.0,,,,,,,0.4,0.0,-0.5,1.0,0.2778,0.0,0.0909,-1.0,0.125,0.4516,,1.0,0.2857,,0.25,-0.5,-1.0,0.0,0.0,0.2258,-0.4528,0.7561,0.7073,0.3333,0.6066,1.0,-1.0,0.6818,-0.3684,0.56,1.0,0.5614,-0.3333,,-0.1622
Pedro Tea Factory,0,0,0,1,0,0,5,0,25,0,14,0,0,0,127,0,105,1,0,1,0,0,0,0,0,0,0,0,0,0,0,1,0,0,0,0,1,7,0,0,0,0,2,21,122,6,6,0,4,10,64,3,5,12,57,152,3,0,11,28,14,6,0,0,11,14,3,2,21,7,4,65,87,19,1,2,1,0,21,,,,1.0,,,1.0,,0.6,,0.5714,,,,0.5906,,0.8571,1.0,,0.0,,,,,,,,,,,,0.0,,,,,1.0,0.1429,,,,,0.5,0.1429,0.2787,0.1667,-0.1667,,0.5,0.8,0.3281,1.0,0.2,0.25,0.4561,0.4803,0.3333,,0.2727,0.3929,0.4286,0.5,,,-1.0,0.4286,-0.6667,1.0,0.4286,1.0,-1.0,0.3692,0.4253,0.8421,1.0,0.5,0.0,,-0.4762
Pettah Floating Market,0,0,0,0,0,0,11,3,0,0,0,0,0,0,0,1,3,1,0,0,0,0,0,0,1,0,1,0,0,0,0,0,0,1,0,9,0,0,0,0,0,0,0,0,12,2,3,0,14,5,50,68,18,0,0,1,0,0,8,15,0,0,2,6,18,11,0,0,1,7,2,2,14,20,0,0,0,0,3,,,,,,,0.0909,0.3333,,,,,,,,0.0,0.0,0.0,,,,,,,1.0,,0.0,,,,,,,0.0,,0.1111,,,,,,,,,0.3333,-0.5,0.0,,0.2857,0.8,0.16,0.2353,0.1111,,,0.0,,,0.25,-0.2,,,0.0,0.1667,-0.8889,-0.6364,,,1.0,0.7143,-1.0,1.0,0.2857,0.2,,,,,-0.6667
Pidurangala Rock,1,0,0,3,0,0,0,0,0,0,44,395,17,28,0,15,409,123,144,4,7,0,0,0,5,0,107,2,53,3,5,23,11,12,17,1,0,0,0,0,0,0,4,45,104,2,3,0,0,0,2,0,3,7,3,26,6,1,6,23,142,65,1,0,73,8,30,10,36,26,0,4,40,7,1,0,0,0,54,1.0,,,0.3333,,,,,,,0.2273,0.4127,-0.0588,0.5714,,0.7333,0.7555,0.4878,0.5694,0.25,0.0,,,,0.4,,0.1402,0.0,0.2264,0.3333,0.4,0.2609,-0.2727,0.0833,0.2941,1.0,,,,,,,0.25,0.2667,0.2212,1.0,-0.3333,,,,0.0,,0.0,0.5714,0.3333,0.4615,-0.1667,1.0,0.1667,0.2174,-0.0141,0.0308,0.0,,-0.274,-0.25,-0.6667,0.6,0.3333,1.0,,1.0,0.4,0.2857,-1.0,,,,-0.5926
Pidurutalagala,0,0,0,5,0,0,2,0,0,0,57,2,0,4,1,3,49,0,0,5,0,0,0,0,1,8,8,0,0,0,0,1,0,0,0,0,0,0,0,0,0,1,0,3,10,5,4,0,1,4,7,0,1,1,1,2,2,0,14,2,1,2,0,0,1,1,7,2,3,2,0,2,8,5,0,0,0,0,15,,,,0.4,,,0.0,,,,0.4035,0.0,,0.5,1.0,0.6667,0.7143,,,0.0,,,,,0.0,0.125,-0.25,,,,,0.0,,,,,,,,,,1.0,,0.0,0.3,0.0,-0.25,,0.0,0.0,-0.1429,,0.0,0.0,0.0,-0.5,0.5,,0.2857,0.5,0.0,0.5,,,-1.0,1.0,-0.1429,1.0,0.6667,1.0,,1.0,1.0,0.2,,,,,-0.3333
Pinnawala Elephant Orphanage,2,3,0,2,0,0,7,252,2,0,3,13,0,10,0,1,24,0,0,204,581,0,1,0,1,1,4,0,0,0,2,1,0,1,0,1,0,6,0,0,0,0,0,46,130,3,6,0,25,5,46,1,30,38,9,46,17,7,57,7,8,6,0,1,22,21,45,6,87,10,2,49,92,37,0,5,3,0,13,0.5,0.6667,,0.0,,,-0.1429,0.3056,0.0,,0.6667,0.2308,,0.2,,0.0,0.2917,,,0.299,0.3769,,-1.0,,1.0,0.0,0.25,,,,0.5,1.0,,1.0,,0.0,,0.3333,,,,,,0.1304,-0.0846,0.3333,0.5,,0.32,0.0,0.3043,0.0,0.1,0.1842,0.4444,0.1522,-0.0588,0.0,0.1579,0.4286,0.125,-0.1667,,0.0,-0.5,0.5238,0.2667,0.3333,0.3563,1.0,-1.0,0.2041,0.2174,0.2703,,0.2,0.0,,-0.7692
Pitawala Pathana,0,0,0,0,0,0,3,0,5,0,18,9,0,8,1,8,32,1,1,3,0,0,0,0,3,0,0,0,0,0,0,0,0,0,0,0,0,0,0,0,0,0,1,1,6,2,2,0,2,1,3,0,0,0,0,0,1,0,10,1,0,7,0,0,1,3,2,2,7,3,0,1,0,3,0,3,0,3,15,,,,,,,0.3333,,0.0,,0.4444,0.3333,,0.5,1.0,0.5,0.6875,1.0,1.0,0.3333,,,,,0.3333,,,,,,,,,,,,,,,,,,-1.0,0.0,0.1667,0.0,0.0,,0.5,0.0,0.3333,,,,,,0.0,,0.3,0.0,,0.5714,,,-1.0,-1.0,0.5,1.0,0.4286,1.0,,-1.0,,0.0,,0.3333,,-1.0,-0.4667
Polhena Beach,181,22,0,72,30,3,0,6,0,48,1,11,0,0,0,1,8,3,2,11,0,71,0,0,1,0,1,1,0,0,0,0,0,1,0,0,0,0,0,0,0,0,0,1,12,10,1,3,20,3,11,1,3,28,1,15,4,0,9,18,3,1,0,3,60,42,44,2,39,45,4,2,12,16,6,36,20,0,9,0.5414,0.3636,,0.4306,0.5,1.0,,-0.1667,,0.4583,1.0,0.3636,,,,0.0,0.75,0.6667,0.0,0.5455,,0.4507,,,0.0,,0.0,0.0,,,,,,0.0,,,,,,,,,,0.0,0.4167,-0.1,0.0,0.0,0.2,0.6667,0.1818,1.0,0.0,0.4643,0.0,0.3333,0.0,,0.0,0.2222,-0.6667,0.0,,0.3333,-0.8,0.4048,0.6364,1.0,0.5128,0.9556,-1.0,1.0,0.5,0.625,0.3333,0.4167,0.4,,-0.3333
Polonnaruwa Vatadage,0,4,0,0,0,0,2,0,0,0,0,3,0,2,0,0,5,0,0,1,2,0,0,0,0,0,32,17,60,0,2,57,0,62,1,0,0,22,0,0,0,9,22,4,11,0,1,0,0,0,1,0,3,0,3,28,1,0,6,4,12,3,0,0,5,1,7,2,4,3,0,1,7,0,0,0,1,0,33,,-1.0,,,,,0.0,,,,,0.0,,1.0,,,0.6,,,1.0,0.5,,,,,,0.4688,0.3529,0.3,,1.0,0.5439,,0.5968,1.0,,,0.2273,,,,0.2222,0.4545,0.25,0.2727,,1.0,,,,1.0,,-0.3333,,0.3333,0.4643,1.0,,0.0,0.0,0.3333,0.0,,,-1.0,1.0,0.4286,1.0,-0.25,1.0,,1.0,0.4286,,,,1.0,,-0.9091
Popham's Arboretum,0,1,0,0,0,0,3,2,1,0,1,3,6,44,0,0,4,3,0,64,0,1,0,0,44,0,6,0,0,0,1,0,2,1,1,0,1,1,0,0,0,0,2,6,24,0,1,0,0,0,0,0,0,8,8,64,9,0,2,6,1,31,0,0,3,4,0,0,9,17,2,18,15,3,0,0,3,0,7,,1.0,,,,,0.3333,-0.5,0.0,,1.0,0.6667,0.3333,0.5455,,,0.75,0.0,,0.5156,,0.0,,,0.4773,,0.8333,,,,1.0,,0.5,0.0,1.0,,1.0,0.0,,,,,0.5,0.1667,0.125,,0.0,,,,,,,0.375,0.375,0.4062,0.2222,,0.0,0.1667,1.0,0.4839,,,-1.0,1.0,,,0.6667,1.0,-1.0,0.8333,-0.0667,0.6667,,,1.0,,-0.2857
Rankoth Vehera,0,5,0,0,0,0,0,0,0,0,1,0,0,0,0,0,0,0,0,0,0,0,0,0,0,0,9,42,5,0,0,3,0,13,0,0,0,0,0,0,0,1,1,0,1,0,0,0,0,0,1,0,0,0,0,3,0,0,1,0,3,4,0,1,1,0,1,0,2,3,0,0,0,1,0,0,1,0,7,,-0.2,,,,,,,,,0.0,,,,,,,,,,,,,,,,0.3333,0.3095,0.4,,,0.0,,0.0769,,,,,,,,1.0,1.0,,0.0,,,,,,1.0,,,,,0.0,,,1.0,,0.0,-0.5,,0.0,1.0,,-1.0,,0.0,1.0,,,,1.0,,,0.0,,0.0
Ravana Ella Falls,5,0,0,0,1,0,1,5,389,0,30,71,13,1,2,11,109,0,0,4,0,0,0,0,0,0,1,0,0,0,0,1,0,1,0,0,0,0,0,0,0,2,1,8,40,24,4,0,8,2,13,0,52,11,1,8,10,0,175,75,8,9,14,0,98,16,44,25,20,12,2,3,18,29,5,3,1,1,44,0.4,,,,0.0,,0.0,0.4,0.5553,,0.5,0.0563,0.0769,1.0,1.0,0.1818,0.5596,,,0.0,,,,,,,0.0,,,,,0.0,,1.0,,,,,,,,0.0,1.0,-0.125,0.225,0.2083,0.5,,0.75,1.0,0.2308,,0.25,0.2727,0.0,0.25,-0.3,,0.4057,0.12,-0.5,0.5556,0.0714,,-0.9694,-0.125,-0.2955,0.84,0.35,1.0,-1.0,0.6667,0.7778,0.4483,0.6,0.6667,-1.0,0.0,-0.8636
Richmond Castle,7,0,0,0,0,0,0,10,2,0,2,0,0,1,1,0,8,0,0,0,0,0,0,0,1,0,3,0,0,0,4,9,0,3,0,0,21,4,0,0,0,0,3,28,35,3,3,0,1,0,0,0,0,11,15,57,3,0,7,23,4,0,0,1,4,6,1,2,42,9,0,16,10,0,0,0,2,0,6,0.2857,,,,,,,0.5,0.0,,0.5,,,0.0,0.0,,0.75,,,,,,,,1.0,,0.3333,,,,-0.25,0.6667,,0.6667,,,0.4286,0.25,,,,,0.6667,0.2857,0.3429,0.3333,0.6667,,1.0,,,,,0.0,0.6667,0.5965,-0.3333,,0.2857,0.3478,0.75,,,0.0,-0.5,1.0,-1.0,1.0,0.4048,1.0,,0.5,0.4,,,,0.5,,-0.5
Ridee Viharaya (silver Temple),0,0,0,0,0,0,1,0,0,0,9,12,13,5,0,3,25,2,1,0,1,0,0,0,0,0,60,4,11,6,5,14,4,2,0,0,0,0,0,0,0,4,2,1,0,1,1,0,1,0,0,0,0,9,0,8,0,0,2,0,1,4,0,0,3,6,0,3,2,18,0,8,11,12,0,1,0,0,3,,,,,,,0.0,,,,0.8889,0.3333,0.5385,0.6,,0.6667,0.84,0.5,0.0,,0.0,,,,,,0.6167,0.5,0.1818,0.5,0.6,0.3571,0.75,0.5,,,,,,,,0.0,0.5,0.0,,0.0,0.0,,1.0,,,,,0.7778,,0.375,,,0.5,,0.0,0.5,,,-0.6667,1.0,,1.0,0.5,1.0,,0.75,0.8182,0.8333,,0.0,,,-0.3333
Ritigala Forest Monastery,0,1,0,3,0,0,11,3,8,0,38,19,4,130,0,4,21,1,0,18,12,1,0,0,14,1,15,2,4,0,0,7,1,106,1,3,0,1,0,0,0,0,5,30,47,5,13,0,1,0,1,0,0,6,3,76,8,2,38,32,23,69,5,0,15,5,7,3,17,55,3,13,27,7,0,4,3,2,20,,0.0,,0.0,,,0.2727,0.6667,0.5,,0.2632,0.3684,0.5,0.5462,,0.75,0.6667,1.0,,0.3333,0.1667,0.0,,,0.3571,0.0,0.2,0.0,0.25,,,0.1429,0.0,0.5566,1.0,0.3333,,0.0,,,,,0.4,0.2667,0.1489,0.4,0.2308,,0.0,,0.0,,,0.0,0.0,0.4605,0.25,1.0,0.1053,0.1875,0.1739,0.3768,0.4,,-0.5333,-0.2,-0.5714,1.0,0.4118,1.0,-1.0,0.6923,0.6296,0.2857,,0.75,0.6667,-1.0,-0.75
Royal Botanical Gardens,0,0,0,2,0,0,11,49,0,0,3,2,0,5,0,0,32,2,0,17,3,0,0,0,37,0,14,0,0,0,0,2,0,2,0,0,2,5,0,0,0,0,5,52,96,4,24,0,30,44,28,1,8,3,8,47,19,5,9,30,0,22,78,0,47,97,5,1,57,111,21,18,42,27,0,1,1,0,72,,,,0.0,,,0.5455,0.3878,,,0.3333,0.5,,0.8,,,0.8125,-0.5,,0.5294,-0.3333,,,,0.4054,,0.5,,,,,0.0,,0.5,,,0.5,0.4,,,,,0.4,0.3846,0.3542,0.25,0.5417,,0.4667,0.4545,0.5714,0.0,0.375,0.0,0.5,0.4468,0.3158,0.2,0.0,0.3333,,0.2273,0.4231,,-0.766,0.8557,0.0,1.0,0.4211,0.9279,-1.0,0.3889,0.0,0.4815,,0.0,1.0,,-0.6389
Ruwanweli Maha Seya,0,6,0,1,0,0,6,1,1,0,4,5,1,0,0,0,15,21,5,1,26,0,0,0,0,0,84,282,72,0,11,24,0,33,0,0,0,7,0,1,0,15,17,11,39,12,2,0,0,0,8,1,4,4,3,33,6,3,3,17,5,8,0,0,55,16,2,1,6,72,4,4,28,2,0,8,5,0,95,,-0.3333,,0.0,,,-0.3333,0.0,0.0,,-0.75,-0.2,0.0,,,,0.6,0.619,0.8,0.0,0.2692,,,,,,0.3452,0.3794,0.1944,,0.2727,0.3333,,0.2424,,,,-0.1429,,0.0,,0.2667,0.1765,-0.1818,0.1026,0.0,0.5,,,,0.125,0.0,0.0,0.0,0.6667,0.3939,0.0,0.0,-0.3333,0.2353,0.0,-0.5,,,-0.7455,0.625,0.0,1.0,0.5,1.0,-1.0,0.25,0.0714,0.5,,0.625,-0.2,,-0.9368
Samadhi Statue,0,0,0,0,0,0,0,0,0,0,0,3,0,2,0,0,4,0,0,0,1,0,0,0,1,0,6,10,60,0,0,80,0,6,0,0,0,0,0,0,0,1,4,3,2,1,0,0,0,0,2,2,3,0,1,3,0,0,0,0,0,1,0,0,1,3,0,0,1,28,0,1,3,1,0,4,0,0,4,,,,,,,,,,,,0.3333,,0.0,,,0.25,,,,0.0,,,,1.0,,0.6667,0.5,0.4333,,,0.5125,,0.5,,,,,,,,0.0,0.25,0.3333,0.0,0.0,,,,,0.0,0.0,0.0,,0.0,0.0,,,,,,0.0,,,-1.0,0.3333,,,0.0,1.0,,0.0,-0.3333,0.0,,-0.25,,,-1.0
Samudra Parakrama,0,0,0,10,0,0,23,2,0,0,0,1,0,0,0,0,10,7,1,2,3,0,0,0,2,0,2,0,0,0,1,2,1,3,0,0,2,2,0,0,0,0,2,0,1,0,0,0,0,0,0,0,0,4,1,1,0,0,3,0,0,0,0,3,0,1,0,0,1,8,0,0,0,0,0,3,0,0,3,,,,0.0,,,0.4783,0.0,,,,1.0,,,,,0.8,1.0,1.0,0.5,0.3333,,,,0.5,,0.5,,,,1.0,0.5,1.0,0.3333,,,0.0,0.0,,,,,1.0,,0.0,,,,,,,,,0.25,0.0,1.0,,,0.3333,,,,,1.0,,1.0,,,1.0,1.0,,,,,,0.0,,,-1.0
Sea Turtle Conservation Project (Koggala),23,4,0,77,1,0,11,1,0,0,0,0,0,0,0,0,0,1,0,48,1,174,1,0,2,0,0,0,0,0,0,0,0,0,0,0,0,0,0,0,0,0,0,34,43,0,0,0,0,0,1,0,0,7,5,62,3,0,5,5,2,0,0,14,2,16,9,7,16,0,1,24,15,2,0,0,1,0,2,0.3913,0.0,,0.3247,1.0,,-0.0909,0.0,,,,,,,,,,1.0,,0.375,0.0,0.3966,0.0,,0.0,,,,,,,,,,,,,,,,,,,0.2941,0.2558,,,,,,0.0,,,0.0,0.4,0.371,0.0,,0.2,0.0,0.5,,,0.1429,-1.0,-1.0,0.5556,0.2857,0.4375,,-1.0,0.4583,-0.2,0.0,,,0.0,,-0.5
Sea Turtle Farm Galle Mahamodara,51,4,0,224,1,0,6,0,0,0,0,1,0,0,0,0,16,6,0,113,0,428,0,0,0,0,0,1,0,0,0,0,0,1,0,13,0,0,0,0,0,0,2,35,48,0,0,0,4,1,2,1,2,4,2,31,0,0,3,10,5,0,0,8,1,55,17,2,69,10,1,111,18,9,1,2,0,0,6,0.4706,0.25,,0.5179,0.0,,0.1667,,,,,0.0,,,,,0.5,0.6667,,0.6372,,0.6589,,,,,,1.0,,,,,,1.0,,0.6923,,,,,,,0.5,0.2286,0.2708,,,,0.75,0.0,0.5,0.0,0.0,-0.25,0.5,0.5806,,,0.3333,0.2,0.6,,,0.125,-1.0,0.6364,0.5882,0.5,0.5797,1.0,-1.0,0.7027,0.2222,0.3333,1.0,0.5,,,-0.3333
Seema Malakaya Temple,3,0,0,0,0,0,192,3,0,0,0,0,0,2,0,0,63,9,0,2,5,2,0,0,7,0,267,8,70,0,0,50,0,0,0,1,1,6,0,0,1,12,1,53,71,0,1,0,0,1,3,2,2,8,0,4,2,0,19,6,4,2,24,1,20,16,3,0,6,124,6,4,20,4,0,0,0,0,20,0.6667,,,,,,0.5417,0.6667,,,,,,1.0,,,0.6825,0.6667,,0.5,0.4,1.0,,,0.2857,,0.5468,0.375,0.4714,,,0.56,,,,0.0,0.0,0.3333,,,1.0,0.3333,1.0,0.1509,0.0845,,0.0,,,1.0,0.6667,0.0,0.0,0.0,,0.25,0.5,,0.4211,0.5,0.5,1.0,0.2917,0.0,-0.1,0.875,0.3333,,0.5,0.9677,-1.0,-1.0,0.6,0.0,,,,,-0.65
Seenigama Muhudu Viharaya,16,1,0,21,2,0,0,0,0,2,0,3,0,0,0,0,9,1,0,0,2,2,0,0,0,0,37,0,2,0,0,1,0,0,0,0,0,3,0,1,0,5,0,0,4,1,0,0,0,0,0,1,0,2,0,0,0,0,8,1,1,1,0,20,2,1,1,1,2,9,0,1,0,0,0,3,4,0,4,0.3125,1.0,,0.1429,-1.0,,,,,0.0,,0.0,,,,,0.6667,1.0,,,0.0,0.5,,,,,0.3514,,0.0,,,0.0,,,,,,0.0,,1.0,,0.4,,,0.25,0.0,,,,,,0.0,,0.5,,,,,0.125,0.0,0.0,0.0,,0.35,-1.0,1.0,-1.0,1.0,-0.5,1.0,,1.0,,,,0.0,-0.25,,-1.0
Seruwila Mangala Raja Maha Vihara,1,0,0,1,0,0,0,1,0,0,0,0,1,5,0,0,1,0,0,0,4,0,0,0,0,0,24,15,15,0,0,2,0,3,0,1,1,1,0,0,0,6,3,0,1,1,0,0,1,0,0,0,0,0,0,1,0,0,9,2,0,0,0,1,1,1,2,0,0,6,0,0,1,0,0,0,0,0,3,0.0,,,0.0,,,,-1.0,,,,,1.0,0.2,,,0.0,,,,-0.25,,,,,,0.1667,0.0667,0.1333,,,0.0,,0.0,,0.0,0.0,0.0,,,,0.1667,0.3333,,1.0,1.0,,,0.0,,,,,,,0.0,,,0.2222,0.0,,,,0.0,-1.0,1.0,-0.5,,,1.0,,,1.0,,,,,,-1.0
Sigiriya Lion Rock,1,1,0,3,0,0,4,0,1,0,30,261,33,22,0,7,306,18,52,4,7,0,0,0,1,0,11,1,4,76,54,6,7,74,94,9,0,36,0,0,0,0,60,34,110,12,12,0,2,1,6,1,12,15,18,127,11,2,11,9,209,21,1,0,92,14,31,5,37,24,2,19,55,14,0,4,0,0,79,1.0,-1.0,,-0.3333,,,0.25,,0.0,,0.1,0.3333,0.1515,0.4091,,0.5714,0.7418,0.5556,0.3269,0.0,0.1429,,,,-1.0,,0.5455,1.0,0.25,0.5526,0.3889,0.1667,0.2857,0.4865,0.5,0.2222,,0.2778,,,,,0.3167,-0.1176,0.0364,0.25,0.25,,0.5,0.0,-0.1667,-1.0,0.0833,0.2,0.2222,0.2992,0.2727,0.5,0.3636,0.0,0.1722,0.3333,0.0,,-0.8261,0.5714,0.0645,1.0,0.1622,0.9167,-1.0,0.4211,-0.7091,0.2143,,0.0,,,-0.7722
Single Tree Hill,0,0,0,1,0,0,20,0,0,0,39,0,0,4,24,7,51,2,1,0,1,0,0,0,1,0,32,0,1,0,0,2,0,0,0,0,0,0,0,0,0,2,0,0,0,2,0,0,1,0,0,0,0,5,0,3,3,0,21,7,3,19,0,0,0,1,2,3,6,6,0,1,2,3,0,0,0,0,6,,,,0.0,,,0.7,,,,0.4615,,,0.0,0.5417,0.1429,0.8039,1.0,0.0,,1.0,,,,0.0,,0.4375,,0.0,,,1.0,,,,,,,,,,0.5,,,,0.0,,,0.0,,,,,-0.2,,0.3333,0.0,,0.4762,0.4286,-0.3333,0.2632,,,,-1.0,0.0,1.0,0.3333,1.0,,1.0,1.0,0.6667,,,,,-0.3333
Sinharaja Forest Reserve,8,0,0,5,0,0,2,29,127,0,21,14,1,343,4,2,45,3,0,169,10,0,0,0,191,10,2,1,0,0,0,0,0,0,0,3,2,2,0,0,0,0,44,28,59,6,9,0,7,3,11,1,3,55,26,259,5,0,40,35,9,113,10,1,15,17,17,14,29,21,8,25,23,23,4,6,2,136,158,0.375,,,0.4,,,1.0,0.1724,0.4488,,0.0,-0.0714,0.0,0.516,0.25,0.5,0.5111,1.0,,0.3964,0.2,,,,0.3822,0.2,0.5,1.0,,,,,,,,1.0,0.0,0.0,,,,,0.2273,0.2857,0.1356,0.6667,-0.1111,,0.7143,0.0,-0.0909,0.0,0.3333,0.3818,0.6154,0.4402,-0.2,,0.1,0.1714,-0.2222,0.2655,0.1,-1.0,-0.7333,0.4118,-0.3529,0.8571,0.1724,1.0,-1.0,0.84,-0.0435,0.5652,1.0,0.1667,-0.5,-0.6912,-0.9304
Sithulpawwa Rock Temple,0,0,0,1,0,0,2,0,0,0,17,33,14,21,0,0,38,2,1,30,21,0,0,0,10,6,71,12,8,2,6,7,14,12,0,0,0,1,0,0,0,2,2,1,2,6,2,0,0,0,2,0,1,3,1,7,1,0,29,4,9,4,0,0,4,6,1,1,2,19,1,0,2,5,0,3,1,0,13,,,,0.0,,,0.0,,,,0.5294,0.3636,0.2857,0.2381,,,0.6842,0.0,0.0,0.2,0.1905,,,,0.0,0.3333,0.507,0.1667,0.125,0.0,0.1667,0.1429,0.4286,0.0833,,,,0.0,,,,0.0,0.0,1.0,-0.5,0.0,0.5,,,,0.0,,1.0,0.3333,1.0,0.5714,1.0,,0.069,-0.5,0.1111,-0.25,,,-1.0,0.3333,0.0,1.0,0.0,1.0,-1.0,,1.0,0.4,,0.0,0.0,,-0.6923
Somawathiya Chaitya,0,1,0,0,0,0,0,7,0,0,0,2,1,19,0,0,5,1,0,6,26,0,0,0,3,0,35,32,35,0,0,1,1,3,0,0,0,2,0,0,0,3,4,0,3,2,0,0,0,0,1,0,1,1,0,3,0,0,24,0,0,1,0,1,3,0,4,2,7,9,0,0,1,2,0,4,0,0,13,,-1.0,,,,,,0.1429,,,,-0.5,0.0,0.3158,,,0.6,1.0,,0.1667,0.1154,,,,0.0,,0.2286,0.2188,0.2286,,,0.0,0.0,0.0,,,,0.5,,,,0.6667,0.25,,-0.3333,0.0,,,,,0.0,,0.0,1.0,,0.3333,,,0.1667,,,0.0,,0.0,0.0,,-0.75,1.0,0.0,1.0,,,-1.0,0.5,,0.5,,,-0.9231
Sri Pada / Adam's Peak,3,0,0,3,2,0,5,17,29,0,301,27,0,17,3,4,246,24,320,11,2,0,0,0,4,0,93,3,52,0,1,0,0,3,0,0,1,1,0,1,0,17,5,7,39,2,45,0,7,9,103,5,48,74,1,36,13,0,28,31,240,117,2,1,149,53,23,2,48,23,2,14,32,65,1,11,5,9,136,0.3333,,,0.3333,0.5,,0.2,0.1765,0.5517,,0.2757,-0.2593,,-0.1176,0.6667,0.75,0.7073,0.375,0.2812,0.0,0.5,,,,0.25,,-0.0108,0.0,0.0577,,1.0,,,-0.3333,,,1.0,0.0,,1.0,,0.1176,-0.2,0.4286,0.2051,0.5,0.0444,,0.1429,0.1111,0.0874,0.4,0.0833,0.1622,0.0,0.0833,0.0,,0.0357,0.1935,-0.0417,0.1111,0.0,1.0,-0.7987,-0.5472,-0.2609,-1.0,0.1458,1.0,-1.0,0.6429,0.3125,0.0923,1.0,0.4545,-1.0,-0.6667,-0.625
St Benedict's Monastery - Adisham,0,0,0,1,0,0,0,0,2,0,22,6,0,13,6,2,69,1,1,2,0,0,0,0,13,0,1,0,0,0,6,0,0,2,0,0,15,10,0,15,0,0,2,21,33,4,7,0,3,2,41,0,7,8,1,6,1,1,34,19,0,3,1,0,13,31,3,3,14,20,0,7,5,14,0,0,0,0,19,,,,0.0,,,,,0.0,,0.2273,0.0,,0.3846,0.3333,0.5,0.6957,0.0,0.0,0.5,,,,,0.3846,,-1.0,,,,0.3333,,,0.0,,,0.3333,0.5,,0.1333,,,0.0,0.1905,0.2727,0.25,0.1429,,0.0,0.0,0.3659,,0.4286,0.25,1.0,0.5,0.0,0.0,0.2059,0.2632,,0.6667,1.0,,-0.8462,0.9355,-0.3333,0.3333,0.3571,1.0,,0.2857,1.0,0.8571,,,,,0.2105
St Clair's Falls,0,0,0,1,0,0,3,11,192,0,19,3,0,2,26,36,131,1,1,0,0,0,0,0,0,0,0,0,0,0,0,0,0,0,0,1,0,14,0,0,0,0,0,1,1,8,1,0,15,0,7,0,5,4,0,2,0,0,82,5,15,6,0,0,3,2,2,5,4,4,0,0,6,6,1,0,1,1,39,,,,0.0,,,0.6667,0.3636,0.5885,,0.6316,0.0,,0.5,0.7308,0.3889,0.7481,0.0,0.0,,,,,,,,,,,,,,,,,1.0,,0.4286,,,,,,0.0,1.0,0.75,0.0,,0.3333,,0.2857,,0.4,0.5,,0.0,,,0.5244,0.6,0.2667,0.1667,,,-0.6667,1.0,0.0,0.8,0.0,1.0,,,0.0,0.6667,1.0,,0.0,-1.0,-0.7436
St Lucia's Cathedral,0,0,0,0,0,0,0,0,0,0,0,0,0,0,0,0,2,0,0,0,0,0,0,0,0,0,1,0,0,0,0,6,0,0,0,0,1,0,0,38,0,2,0,0,0,6,0,0,0,0,0,0,0,0,0,0,0,0,1,2,2,0,0,0,2,6,1,3,3,10,0,6,0,0,0,1,0,0,0,,,,,,,,,,,,,,,,,1.0,,,,,,,,,,0.0,,,,,0.6667,,,,,1.0,,,0.4474,,0.0,,,,0.6667,,,,,,,,,,,,,-1.0,1.0,1.0,,,,-1.0,1.0,0.0,1.0,1.0,1.0,,0.5,,,,0.0,,,
St. Mary's Church,7,0,0,1,0,2,0,0,0,0,0,0,0,0,0,0,10,0,0,0,0,0,0,0,0,0,4,0,0,9,59,25,0,1,0,1,6,0,0,234,2,6,5,5,3,7,0,0,0,0,8,7,1,6,2,4,4,0,7,10,0,0,0,0,13,15,3,2,8,49,1,9,6,1,0,0,0,0,2,0.1429,,,1.0,,1.0,,,,,,,,,,,0.3,,,,,,,,,,0.5,,,0.7778,0.7627,0.76,,0.0,,1.0,0.0,,,0.6496,0.0,0.6667,0.2,0.2,0.3333,0.1429,,,,,0.375,0.7143,0.0,0.5,0.0,0.25,0.25,,-0.1429,0.4,,,,,-0.5385,0.4667,0.6667,1.0,0.625,1.0,-1.0,0.6667,0.6667,0.0,,,,,-0.5
Statue of Parakramabahu I,0,0,0,5,0,0,25,0,0,0,0,13,0,2,0,0,3,1,1,0,3,0,0,0,0,0,3,1,8,0,0,76,0,14,0,0,0,5,0,0,0,0,4,0,3,2,0,0,0,0,0,0,0,1,1,11,0,0,2,0,0,0,0,0,2,1,2,1,1,1,0,0,2,2,0,0,0,0,3,,,,0.2,,,0.4,,,,,0.3846,,1.0,,,1.0,1.0,1.0,,0.6667,,,,,,0.6667,1.0,0.5,,,0.5,,0.4286,,,,0.2,,,,,0.75,,0.0,1.0,,,,,,,,0.0,0.0,0.2727,,,0.0,,,,,,-1.0,1.0,1.0,1.0,1.0,1.0,,,1.0,0.0,,,,,0.0
Temple of the Sacred Tooth Relic,4,0,0,2,0,0,41,6,0,0,9,1,0,1,1,2,41,2,0,9,44,0,0,0,3,0,437,9,144,3,27,39,0,2,0,0,1,90,0,3,0,28,34,45,108,10,3,0,3,2,11,3,6,7,14,117,9,0,6,2,9,2,0,0,171,26,17,6,25,66,12,38,35,3,0,8,2,0,41,0.25,,,0.5,,,0.4634,0.6667,,,0.1111,1.0,,0.0,0.0,0.5,0.5366,0.0,,0.2222,0.25,,,,0.6667,,0.4668,-0.2222,0.3056,0.0,0.5556,0.4359,,0.0,,,0.0,0.4889,,0.6667,,0.25,0.3824,-0.0889,0.1389,-0.2,0.3333,,0.3333,1.0,0.0909,-0.3333,0.5,0.1429,0.2857,0.3675,0.3333,,0.0,0.5,-0.2222,0.0,,,-0.8421,0.6154,0.3529,1.0,0.56,0.9697,-1.0,0.1579,-0.4286,0.3333,,0.125,0.0,,-0.7805
Trincomalee Beach,59,11,0,19,3,0,0,0,0,1,1,1,0,0,0,0,7,3,1,2,1,1,1,2,0,1,7,0,0,0,0,0,0,0,1,3,0,1,0,0,0,7,1,0,1,1,0,0,6,1,0,0,1,16,1,4,1,0,4,2,0,0,0,4,10,32,10,0,7,14,2,3,4,6,2,2,0,0,10,0.678,0.5455,,0.3158,0.0,,,,,0.0,0.0,0.0,,,,,1.0,0.6667,1.0,-0.5,0.0,0.0,0.0,0.0,,-1.0,0.2857,,,,,,,,0.0,0.6667,,0.0,,,,0.2857,1.0,,0.0,1.0,,,0.6667,0.0,,,0.0,0.3125,0.0,0.5,0.0,,0.0,0.5,,,,0.0,-0.7,0.3125,0.0,,0.4286,1.0,-1.0,0.6667,0.5,0.5,1.0,1.0,,,-0.4
Trincomalee War Cemetery,8,0,0,1,0,0,0,1,0,0,1,0,0,0,0,0,5,1,0,0,0,0,0,0,1,0,2,0,0,0,0,0,0,0,0,2,3,0,0,0,0,5,3,2,4,1,0,0,1,0,1,0,0,13,0,6,5,1,33,5,0,0,0,1,3,77,1,0,20,61,0,20,2,0,0,0,3,0,3,0.5,,,1.0,,,,0.0,,,1.0,,,,,,0.6,1.0,,,,,,,1.0,,0.5,,,,,,,,,0.0,0.3333,,,,,0.2,0.3333,0.0,0.0,-1.0,,,0.0,,0.0,,,0.3846,,0.3333,0.4,0.0,0.4545,0.0,,,,0.0,-0.3333,1.0,1.0,,0.25,1.0,,0.8,1.0,,,,0.3333,,-0.3333
Turtle Conservation Project Turtle Watch,217,52,0,137,23,0,2,0,0,0,2,0,0,0,0,1,12,0,0,101,1,358,3,0,1,0,0,0,0,0,1,1,0,1,0,0,0,2,0,0,0,0,0,15,74,1,0,0,3,1,2,1,0,27,5,158,4,1,5,31,10,16,0,1,60,9,19,1,51,25,16,54,38,2,0,7,3,0,11,0.2488,0.0769,,0.146,0.087,,0.0,,,,1.0,,,,,0.0,0.25,,,0.198,0.0,0.2793,0.0,,0.0,,,,,,0.0,1.0,,0.0,,,,1.0,,,,,,0.2667,0.0405,-1.0,,,0.6667,1.0,0.5,0.0,,0.0741,0.0,0.1646,0.25,0.0,-0.2,0.0968,0.1,0.0625,,1.0,-0.4167,-0.3333,0.2105,1.0,0.1765,0.84,-1.0,0.2778,-0.0526,1.0,,0.4286,0.6667,,-0.9091
Twin Baths (Kuttam Pokuna),0,0,0,0,0,0,8,2,1,0,0,6,0,2,0,0,10,0,0,2,3,9,0,0,1,0,16,8,6,0,1,22,0,11,0,0,0,1,0,0,0,0,9,9,15,1,3,0,0,0,6,3,16,0,1,19,2,0,6,3,16,2,0,0,6,27,2,3,6,19,0,2,6,3,0,5,2,0,17,,,,,,,0.125,0.0,0.0,,,0.5,,0.0,,,0.5,,,0.5,0.0,0.1111,,,0.0,,0.25,0.125,0.1667,,0.0,0.5,,0.8182,,,,-1.0,,,,,0.5556,0.0,0.0667,0.0,-0.3333,,,,0.5,0.3333,0.0625,,0.0,0.2105,0.5,,0.3333,0.0,0.3125,0.5,,,-1.0,0.1852,1.0,1.0,0.3333,1.0,,0.0,0.3333,-0.3333,,0.4,0.0,,-0.8824
Udawalawe National Park,7,2,0,3,0,0,28,3,2,0,2,0,0,21,1,0,45,2,12,427,448,8,0,0,307,31,1,0,0,0,4,0,0,2,0,0,0,1,0,0,0,0,0,12,66,0,3,0,4,1,1,0,1,84,34,334,1,0,35,18,1,30,0,0,42,11,22,3,56,35,4,47,23,19,0,13,1,0,23,0.5714,0.5,,0.3333,,,0.3929,0.3333,1.0,,0.0,,,0.2381,0.0,,0.4889,0.5,0.5,0.5574,0.4152,0.25,,,0.4137,0.1613,1.0,,,,0.0,,,1.0,,,,1.0,,,,,,0.0,0.5606,,0.3333,,0.25,1.0,1.0,,1.0,0.4524,0.4706,0.7365,0.0,,0.1429,0.4444,0.0,0.1,,,-0.4524,0.4545,0.8636,0.6667,0.4643,1.0,-1.0,0.9149,0.1304,0.6842,,0.5385,0.0,,-0.7391
Unawatuna Beach,126,33,1,40,28,0,0,2,0,6,3,3,0,5,0,0,10,7,0,1,1,5,1,0,0,0,5,0,1,0,0,1,0,2,0,3,0,0,0,0,0,0,0,0,16,3,0,0,58,15,11,2,3,20,1,2,4,1,7,10,3,1,0,8,25,41,16,0,22,17,6,9,15,27,5,9,3,0,5,0.6508,0.4848,1.0,0.475,0.4643,,,0.5,,0.0,0.3333,0.6667,,0.6,,,0.7,0.7143,,-1.0,1.0,0.6,0.0,,,,0.4,,1.0,,,1.0,,0.0,,0.0,,,,,,,,,0.375,0.6667,,,0.5862,0.4667,0.2727,0.5,0.3333,0.4,0.0,-0.5,0.0,0.0,0.0,0.1,0.3333,-1.0,,0.125,-0.88,0.3171,0.5,,0.3182,0.8824,-1.0,0.4444,0.6,0.4815,0.6,0.4444,-1.0,,-0.8
Uppuveli Beach,95,23,0,27,10,2,0,4,0,1,2,0,0,0,0,0,7,1,1,0,0,0,4,2,2,0,6,0,0,0,0,1,0,0,0,2,0,1,0,0,0,1,0,0,8,0,0,0,30,3,0,2,0,25,0,1,0,0,3,4,1,1,0,10,13,39,10,1,3,18,2,3,4,14,3,3,7,0,6,0.6105,0.3913,,0.1481,0.4,0.5,,-0.25,,0.0,0.5,,,,,,0.5714,0.0,1.0,,,,0.25,0.5,0.0,,0.8333,,,,,0.0,,,,0.5,,1.0,,,,0.0,,,0.75,,,,0.5,0.6667,,0.0,,0.28,,1.0,,,-0.3333,0.5,-1.0,1.0,,0.1,-0.3846,-0.0769,0.0,1.0,0.0,1.0,-1.0,1.0,-1.0,0.7857,0.3333,1.0,-0.1429,,-1.0
Victoria Park of Nuwara Eliya,0,0,0,0,0,0,6,18,1,0,11,0,0,3,2,0,27,0,0,3,2,0,0,0,49,2,0,1,0,0,0,2,0,1,0,0,8,22,0,0,0,0,0,85,87,6,15,0,6,16,7,5,5,14,3,4,8,2,6,13,3,13,4,3,20,121,9,1,140,47,7,7,44,13,0,0,1,0,24,,,,,,,0.8333,-0.6667,0.0,,0.4545,,,-0.6667,0.0,,0.5926,,,0.6667,0.0,,,,0.4082,0.0,,0.0,,,,0.5,,0.0,,,0.625,0.3636,,,,,,0.1765,0.2184,0.3333,0.0667,,0.5,0.375,0.1429,0.4,0.8,0.4286,0.6667,-0.25,0.125,0.0,0.1667,0.3077,-0.3333,0.6154,0.75,0.6667,-0.7,0.4711,0.5556,1.0,0.4643,1.0,-1.0,0.5714,0.2273,0.0769,,,0.0,,-0.0833
Viharamahadevi Park,1,1,0,2,1,0,31,1,1,0,2,0,0,3,0,1,25,2,1,4,5,3,0,0,21,0,24,0,72,0,7,68,0,0,0,3,16,44,0,1,1,0,2,8,14,14,17,0,10,13,10,2,25,9,2,4,2,0,22,12,1,65,14,20,78,106,20,5,218,67,4,5,30,31,0,0,0,0,34,0.0,0.0,,0.0,0.0,,0.4194,1.0,0.0,,-0.5,,,0.0,,0.0,0.84,1.0,0.0,-0.25,0.0,1.0,,,0.1905,,0.3333,,0.5417,,0.4286,0.5147,,,,0.0,0.4375,0.25,,1.0,1.0,,0.5,0.125,0.1429,0.2143,0.3529,,0.2,0.6154,0.3,0.5,0.2,0.4444,-0.5,0.25,0.0,,0.1818,0.5833,0.0,0.4,0.2143,0.35,-0.6795,0.8585,0.75,1.0,0.4908,1.0,-1.0,0.4,0.9333,0.1935,,,,,-0.5882
Visit Kanneliya Rain Forest,0,0,0,1,0,0,0,7,37,0,5,2,6,54,0,1,5,0,0,13,1,0,0,0,20,0,0,0,0,0,0,0,0,0,0,0,0,0,0,0,0,0,1,5,12,1,2,0,0,0,2,1,0,5,5,34,0,0,7,3,2,15,1,0,6,5,3,3,9,5,0,2,3,11,1,2,0,20,33,,,,0.0,,,,0.2857,0.3784,,0.2,0.5,0.1667,0.5,,0.0,1.0,,,0.5385,-1.0,,,,0.45,,,,,,,,,,,,,,,,,,1.0,-0.2,-0.0833,0.0,0.5,,,,0.0,0.0,,0.2,0.2,0.3529,,,-0.1429,0.3333,-1.0,-0.2667,0.0,,-0.6667,0.2,0.3333,1.0,0.3333,1.0,,1.0,0.3333,0.2727,1.0,0.0,,-0.9,-0.9091
Wasgamuwa National Park,0,1,0,0,0,0,2,14,0,0,3,0,0,9,0,0,10,0,1,34,57,0,0,0,35,8,0,0,0,0,0,0,0,0,0,1,0,0,0,0,0,0,0,4,8,0,3,0,0,1,2,0,0,3,1,12,0,0,10,3,0,2,1,0,12,3,2,3,4,7,2,3,3,9,0,0,2,0,4,,1.0,,,,,0.0,0.5714,,,0.3333,,,0.3333,,,0.6,,1.0,0.2059,0.4912,,,,0.3714,0.375,,,,,,,,,,0.0,,,,,,,,0.0,0.0,,0.0,,,0.0,0.5,,,0.3333,0.0,0.4167,,,0.3,0.0,,0.0,1.0,,-0.6667,1.0,0.5,1.0,0.5,1.0,-1.0,1.0,-0.3333,0.3333,,,0.5,,-1.0
Weherahena Buddhist Temple,1,0,0,0,1,0,0,0,0,0,0,1,4,0,2,0,11,0,0,0,1,1,1,0,0,0,61,2,47,10,30,38,0,0,0,1,0,1,1,2,0,3,0,5,13,3,0,0,0,0,1,0,0,2,3,15,1,0,3,9,5,0,1,0,2,2,1,1,3,12,0,0,1,0,0,0,0,0,2,1.0,,,,1.0,,,,,,,0.0,0.75,,0.5,,0.8182,,,,0.0,0.0,0.0,,,,0.4262,0.0,0.5106,0.7,0.6,0.4474,,,,0.0,,0.0,0.0,0.0,,0.6667,,0.2,0.3077,0.0,,,,,0.0,,,0.0,1.0,0.4667,0.0,,0.0,0.4444,0.6,,1.0,,-1.0,1.0,1.0,1.0,0.3333,1.0,,,1.0,,,,,,0.0
Weligama Beach,166,38,0,30,119,0,0,2,1,6,0,3,0,1,0,0,14,13,2,0,1,2,2,0,0,0,2,0,0,0,0,0,0,0,0,2,0,0,0,0,0,0,0,2,19,1,1,0,31,10,9,4,3,36,0,0,0,0,12,8,2,2,1,10,29,57,20,3,20,20,5,5,8,20,1,10,6,0,8,0.6084,0.3684,,0.3,0.4286,,,-0.5,0.0,0.6667,,1.0,,0.0,,,0.7857,0.7692,0.5,,0.0,-0.5,0.0,,,,0.0,,,,,,,,,0.5,,,,,,,,0.0,0.2105,0.0,1.0,,0.5484,0.6,0.1111,0.75,0.3333,0.2778,,,,,-0.3333,0.25,0.0,0.0,0.0,-0.3,-0.6897,0.2281,0.65,1.0,0.75,1.0,-1.0,0.6,0.0,0.6,1.0,0.4,0.8333,,-0.375
Wewurukannala Vihara,4,0,0,0,0,0,0,0,0,0,0,4,2,0,0,0,8,0,0,27,53,0,0,0,0,0,103,1,66,18,26,53,2,0,0,0,0,4,0,0,0,7,3,14,19,0,0,0,0,0,1,0,0,2,0,7,5,0,2,7,6,4,0,1,1,3,4,1,9,7,0,5,7,0,1,1,0,0,3,0.0,,,,,,,,,,,0.25,0.0,,,,0.75,,,0.037,0.1321,,,,,,0.466,0.0,0.4394,0.5,0.4615,0.4528,0.5,,,,,-0.5,,,,0.0,0.6667,0.1429,0.0,,,,,,0.0,,,0.5,,-0.1429,0.0,,1.0,0.1429,0.0,0.25,,0.0,-1.0,-0.3333,-0.5,1.0,0.4444,1.0,,0.2,1.0,,-1.0,-1.0,,,-1.0
Whale Watching in Mirissa,5,0,0,33,5,0,0,0,0,0,0,0,0,0,0,0,10,0,0,18,0,10,103,44,0,0,0,0,0,0,0,0,0,0,0,0,0,0,0,0,0,0,0,0,14,0,0,0,0,0,2,0,1,10,0,4,0,0,1,5,0,2,0,58,5,7,3,0,6,3,1,34,4,13,0,1,1,0,3,0.0,,,0.4848,0.2,,,,,,,,,,,,0.4,,,0.6111,,0.3,0.6505,0.3864,,,,,,,,,,,,,,,,,,,,,0.4286,,,,,,0.0,,1.0,0.6,,0.75,,,0.0,0.4,,0.0,,0.4483,-0.4,0.7143,0.3333,,0.5,1.0,-1.0,0.9412,1.0,0.9231,,0.0,0.0,,0.3333
Wilpattu National Park,18,16,0,8,0,0,24,4,1,1,1,2,0,90,0,1,71,5,1,339,240,9,1,1,296,354,1,0,0,0,7,1,0,4,0,0,0,0,0,1,0,0,0,21,68,0,26,0,2,0,4,0,3,27,7,98,6,0,68,2,2,50,1,2,65,15,14,1,28,27,11,16,21,28,0,11,0,0,41,0.3333,0.25,,0.5,,,0.375,0.25,0.0,0.0,1.0,0.0,,0.2222,,1.0,0.6056,0.6,1.0,0.3835,0.1667,0.3333,0.0,0.0,0.2838,0.2514,0.0,,,,0.4286,0.0,,0.25,,,,,,0.0,,,,-0.1429,0.2206,,-0.0769,,0.0,,-0.25,,0.0,0.1481,0.8571,0.3469,0.1667,,0.0735,0.0,0.5,0.16,0.0,0.0,-0.0923,-0.0667,-0.1429,1.0,0.2143,1.0,-1.0,0.625,-0.3333,0.1429,,0.3636,,,-0.6341
Wolvendaal Church,0,0,0,1,0,0,0,0,0,0,2,0,0,0,0,0,4,0,0,1,0,0,0,0,1,0,1,0,0,1,1,0,0,2,0,4,28,2,0,99,3,1,9,4,4,0,0,0,0,0,0,6,1,0,3,13,3,0,0,7,0,0,0,0,9,4,2,0,3,4,2,14,4,1,0,0,0,0,1,,,,0.0,,,,,,,0.0,,,,,,0.25,,,0.0,,,,,1.0,,0.0,,,0.0,1.0,,,0.5,,0.5,0.3214,0.0,,0.5354,0.0,0.0,0.1111,0.0,0.5,,,,,,,0.3333,1.0,,0.3333,0.3846,0.3333,,,0.2857,,,,,-1.0,0.5,0.0,,0.0,0.5,-1.0,0.5714,1.0,1.0,,,,,-1.0
Yala National Park,9,2,0,3,0,1,2,2,0,0,2,2,0,8,0,0,7,0,0,58,44,0,0,0,44,52,0,0,0,0,0,0,0,1,0,0,0,0,0,0,0,0,0,4,11,0,6,0,2,0,0,0,0,11,2,12,0,0,16,2,0,9,0,0,18,2,6,0,6,4,6,0,5,1,0,1,0,0,2,0.4444,-0.5,,0.3333,,0.0,0.0,-0.5,,,0.0,0.0,,0.375,,,0.7143,,,0.3276,0.2727,,,,0.25,0.1923,,,,,,,,1.0,,,,,,,,,,0.0,0.0,,-0.1667,,-0.5,,,,,0.0,0.5,0.3333,,,0.25,0.0,,0.2222,,,-0.5,-1.0,-0.3333,,0.6667,1.0,-1.0,,-0.6,0.0,,0.0,,,0.0
Yapahuwa Rock Fortress,0,0,0,0,0,0,0,0,0,0,9,48,11,4,0,0,50,0,0,0,3,0,0,0,1,0,17,8,3,3,4,19,4,26,38,0,0,10,0,0,0,2,3,3,5,2,3,0,1,0,0,0,2,1,1,4,0,0,3,3,46,14,0,0,8,3,3,1,4,7,1,1,1,1,0,2,0,0,14,,,,,,,,,,,0.2222,0.4583,0.4545,0.75,,,0.78,,,,0.0,,,,1.0,,0.4706,0.375,0.3333,1.0,0.75,0.5789,0.25,0.3462,0.5,,,0.2,,,,0.5,0.6667,0.0,0.0,0.0,0.0,,0.0,,,,0.0,0.0,0.0,0.25,,,0.3333,0.3333,0.1087,0.2857,,,-0.5,0.3333,-0.6667,1.0,-0.5,1.0,-1.0,0.0,1.0,0.0,,0.0,,,-0.5714
