id,question,expected_intent,detected_intent,intent_confidence,elapsed_seconds,faithfulness,answer_relevancy,context_precision,context_recall,user_input,retrieved_contexts,response,reference
Q_ACT_01,Where are the best places for swimming in Sri Lanka?,activity_query,activity_query,1.0,12.43,1.0,0.9936284952621632,0.9999999999,1.0,,,,
Q_ACT_02,Which destinations are good for bird watching in Sri Lanka?,activity_query,activity_query,1.0,10.19,1.0,0.9352453611221432,0.9999999999,1.0,,,,
Q_ACT_03,What are the best spots for hiking in Sri Lanka?,activity_query,activity_query,1.0,13.73,1.0,0.954978237896432,0.99999999995,1.0,,,,
Q_ACT_04,Which places are popular for exploring ancient ruins in Sri Lanka?,activity_query,activity_query,1.0,9.93,1.0,0.9797794873065212,0.9999999999,0.75,,,,
Q_ACT_05,Where can I visit famous Buddhist temples in Sri Lanka?,activity_query,activity_query,0.95,12.16,1.0,0.9547485322550224,0.999999999975,1.0,,,,
Q_ACT_06,Where can I experience a wildlife safari in Sri Lanka?,activity_query,activity_query,1.0,18.83,0.95,0.9403851793110042,0.9999999999,1.0,,,,
Q_ACT_07,What are the best places for boating and boat rides in Sri Lanka?,activity_query,activity_query,0.98,12.42,0.8918918918918919,0.9975462664556164,0.9999999999,0.7142857142857143,,,,
Q_ACT_08,What are the best locations for bird watching in Sri Lanka?,activity_query,activity_query,1.0,9.86,0.9166666666666666,0.9071731986303292,0.9999999999,1.0,,,,
Q_ACT_09,Where can I go for scenic photography and viewpoint visits in Sri Lanka?,activity_query,activity_query,0.98,14.3,1.0,0.9661666752762113,0.999999999975,1.0,,,,
Q_ACT_10,Where can I go surfing and whale watching in Sri Lanka?,activity_query,activity_query,1.0,10.95,0.8333333333333334,0.9508529347433966,0.8333333332916666,1.0,,,,
Q_FEA_01,Which heritage sites feature ancient ruins?,feature_query,feature_query,0.95,6.74,0.7894736842105263,0.9589936749571856,0.99999999998,1.0,,,,
Q_FEA_02,Which places have tea plantations and a scenic view?,feature_query,feature_query,0.95,10.45,1.0,0.958252349630916,0.8055555555287036,1.0,,,,
Q_FEA_03,Which temples are located in caves?,feature_query,feature_query,0.95,11.06,0.7368421052631579,0.7737679085073387,0.9999999999,0.75,,,,
Q_FEA_04,Which places have both sculptures and paintings?,feature_query,feature_query,0.85,9.72,0.8333333333333334,0.9385928096330032,0.9999999999666668,0.4,,,,
Q_FEA_05,Which beaches are known for their sunset views?,feature_query,feature_query,0.98,10.03,0.8571428571428571,0.91211455848178,0.9166666666361112,1.0,,,,
Q_FEA_06,Which places have a museum?,feature_query,facility_query,0.85,8.92,0.8571428571428571,0.8522765753273945,0.5833333333041666,1.0,,,,
Q_FEA_07,Which places have a fort?,feature_query,feature_query,0.9,9.14,0.8666666666666667,0.6935550600631283,0.99999999995,1.0,,,,
Q_FEA_08,Which locations have a bridge?,feature_query,facility_query,1.0,14.07,1.0,0.697835224289289,0.9999999999,1.0,,,,
Q_FEA_09,Which places are associated with a lagoon?,feature_query,feature_query,0.95,9.64,0.875,0.8083587445750143,0.49999999995,1.0,,,,
Q_FEA_10,Which beaches are noted for their shallow water depth?,feature_query,feature_query,0.98,9.39,0.9333333333333332,0.7626991403204134,0.8333333332916666,1.0,,,,
Q_LOC_01,What are the top attractions in the Kandy District?,location_query,location_query,1.0,11.98,0.9230769230769232,0.9999999999999996,0.9999999999,1.0,,,,
Q_LOC_02,What places can I visit in the Nuwara Eliya District?,location_query,location_query,1.0,13.71,0.813953488372093,0.9383873824609194,0.9999999999,1.0,,,,
Q_LOC_03,Which tourist attractions are located in the Galle District?,location_query,location_query,1.0,13.71,0.8846153846153846,0.9721046453994004,0.9999999999,1.0,,,,
Q_LOC_04,What are the main destinations in the Matara District?,location_query,location_query,1.0,11.87,0.7878787878787878,1.0,0.9999999999,1.0,,,,
Q_LOC_05,What are some notable places in the Anuradhapura District?,location_query,location_query,1.0,17.51,1.0,0.933194878134972,0.9999999999,1.0,,,,
Q_LOC_06,What are the main attractions in the Colombo District?,location_query,location_query,1.0,12.53,0.90625,0.999999566667698,0.9999999999,1.0,,,,
Q_LOC_07,What are the best spots to visit in the Trincomalee District?,location_query,location_query,1.0,11.91,0.84,0.9754414620136644,0.9999999999,1.0,,,,
Q_LOC_08,What is there to explore in the Badulla District?,location_query,location_query,1.0,14.73,0.7333333333333333,0.88076348221948,0.9999999999,1.0,,,,
Q_LOC_09,Which places should I visit in the Monaragala District?,location_query,location_query,1.0,12.38,0.9,0.8617383148382028,0.9999999999,1.0,,,,
Q_LOC_10,What to see around the Hambantota District?,location_query,location_query,0.98,11.33,0.7142857142857143,0.8497522170426416,0.9999999999,0.6666666666666666,,,,
Q_COM_01,What are the main differences between Yala National Park and Udawalawe National Park?,comparison_query,comparison_query,1.0,11.44,0.8571428571428571,0.9999995822722272,0.9999999999,1.0,,,,
Q_COM_02,How does Sigiriya Lion Rock compare to Pidurangala Rock for visitors?,comparison_query,comparison_query,1.0,12.42,0.875,0.9273222245659972,0.9999999999,1.0,,,,
Q_COM_03,Can you compare Arugam Bay and Weligama Beach?,comparison_query,comparison_query,1.0,12.89,0.9722222222222222,0.9002618778031707,0.9999999999,1.0,,,,
Q_COM_04,Compare the experiences of visiting Victoria Park of Nuwara Eliya versus Ella Rock.,comparison_query,comparison_query,1.0,11.38,0.9655172413793104,0.9571905573834943,0.9999999999,0.6666666666666666,,,,
Q_COM_05,What are the differences between Unawatuna Beach and Mirissa Beach?,comparison_query,comparison_query,1.0,18.3,0.9130434782608696,0.9999998674545396,0.9999999999,0.3333333333333333,,,,
Q_COM_06,Compare Ruwanweli Maha Seya and Polonnaruwa Vatadage.,comparison_query,comparison_query,1.0,11.86,1.0,0.8344920133839192,0.9999999999,0.0,,,,
Q_COM_07,How do Gal Oya National Park and Madu River Safari by Buddhi compare for boat tours?,comparison_query,comparison_query,0.98,11.24,0.9333333333333332,0.9096099933611096,0.9999999999,1.0,,,,
Q_COM_08,Compare the Colombo National Museum and the Temple of the Sacred Tooth Relic.,comparison_query,comparison_query,1.0,11.09,0.9642857142857144,0.9288410905933184,0.9999999999,1.0,,,,
Q_COM_09,What is the difference between Minneriya National Park and Kaudulla National Park?,comparison_query,comparison_query,1.0,12.24,0.875,0.9852840072957058,0.9999999999,0.25,,,,
Q_COM_10,Compare Galle Dutch Fort and Jaffna Fort.,comparison_query,comparison_query,1.0,11.66,1.0,0.9011242667751737,0.9999999999,0.3333333333333333,,,,